ticker,entry_date,horizon,status,sentiment_score,sentiment_bucket,pnl_pct,sizing_multiplier,adjusted_pnl,is_win
HCLTECH.NS,2026-06-18,BTST_1d,EXPIRED_LOSS,62,YELLOW_ALERT,0.0,0.85,0.0,False
ADANIGREEN.NS,2026-06-18,BTST_1d,EXPIRED_LOSS,62,YELLOW_ALERT,0.0,0.85,0.0,False
AARTIIND.NS,2026-06-18,BTST_1d,EXPIRED_LOSS,62,YELLOW_ALERT,0.0,0.85,0.0,False
BSE.NS,2026-06-18,BTST_1d,EXPIRED_LOSS,62,YELLOW_ALERT,0.0,0.85,0.0,False
CASTROLIND.NS,2026-06-18,BTST_1d,EXPIRED_LOSS,62,YELLOW_ALERT,0.0,0.85,0.0,False
FORTIS.NS,2026-06-18,BTST_1d,EXPIRED_LOSS,62,YELLOW_ALERT,0.0,0.85,0.0,False
UNITDSPR.NS,2026-06-18,BTST_1d,EXPIRED_LOSS,62,YELLOW_ALERT,0.0,0.85,0.0,False
SUNTECK.NS,2026-06-18,BTST_1d,EXPIRED_LOSS,62,YELLOW_ALERT,0.0,0.85,0.0,False
TCS.NS,2026-06-18,BTST_1d,EXPIRED_LOSS,62,YELLOW_ALERT,0.0,0.85,0.0,False
HEROMOTOCO.NS,2026-06-18,BTST_1d,EXPIRED_LOSS,62,YELLOW_ALERT,0.0,0.85,0.0,False
ADANIENT.NS,2026-06-16,BTST_1d,EXPIRED_LOSS,56,YELLOW_ALERT,-1.41,0.85,-1.1985,False
ASIANPAINT.NS,2026-06-16,BTST_1d,EXPIRED_LOSS,56,YELLOW_ALERT,-1.15,0.85,-0.9775,False
GRASIM.NS,2026-06-16,BTST_1d,EXPIRED_LOSS,56,YELLOW_ALERT,-1.44,0.85,-1.224,False
TATACONSUM.NS,2026-06-16,BTST_1d,EXPIRED_LOSS,56,YELLOW_ALERT,-0.91,0.85,-0.7735,False
ADANIGREEN.NS,2026-06-16,BTST_1d,EXPIRED_LOSS,56,YELLOW_ALERT,-1.8,0.85,-1.53,False
BERGEPAINT.NS,2026-06-16,BTST_1d,EXPIRED_LOSS,56,YELLOW_ALERT,-0.79,0.85,-0.6715,False
BIOCON.NS,2026-06-16,BTST_1d,EXPIRED_LOSS,56,YELLOW_ALERT,-1.96,0.85,-1.666,False
COLPAL.NS,2026-06-16,BTST_1d,EXPIRED_LOSS,56,YELLOW_ALERT,-1.51,0.85,-1.2835,False
COLPAL.NS,2026-06-16,Swing_3d,EXPIRED_LOSS,56,YELLOW_ALERT,0.0,0.85,0.0,False
CESC.NS,2026-06-16,BTST_1d,EXPIRED_LOSS,56,YELLOW_ALERT,-1.35,0.85,-1.1475,False
GRANULES.NS,2026-06-16,BTST_1d,EXPIRED_LOSS,56,YELLOW_ALERT,-1.11,0.85,-0.9435,False
MARICO.NS,2026-06-16,BTST_1d,EXPIRED_LOSS,56,YELLOW_ALERT,-2.24,0.85,-1.904,False
ZEEL.NS,2026-06-16,BTST_1d,EXPIRED_LOSS,56,YELLOW_ALERT,-0.5,0.85,-0.425,False
ADANIPOWER.NS,2026-06-16,BTST_1d,EXPIRED_LOSS,56,YELLOW_ALERT,-1.49,0.85,-1.2665,False
OFSS.NS,2026-06-16,BTST_1d,EXPIRED_LOSS,56,YELLOW_ALERT,-0.4,0.85,-0.34,False
BHEL.NS,2026-06-16,BTST_1d,EXPIRED_LOSS,56,YELLOW_ALERT,-0.03,0.85,-0.0255,False
SUPREMEIND.NS,2026-06-16,BTST_1d,EXPIRED_LOSS,56,YELLOW_ALERT,-2.16,0.85,-1.836,False
TIMKEN.NS,2026-06-16,Swing_3d,EXPIRED_LOSS,56,YELLOW_ALERT,0.0,0.85,0.0,False
ICICIBANK.NS,2026-06-16,BTST_1d,EXPIRED_WIN,56,YELLOW_ALERT,0.3,0.85,0.255,True
TATASTEEL.NS,2026-06-16,BTST_1d,EXPIRED_WIN,56,YELLOW_ALERT,1.13,0.85,0.9605,True
IOC.NS,2026-06-16,BTST_1d,EXPIRED_WIN,56,YELLOW_ALERT,0.75,0.85,0.6375,True
PNB.NS,2026-06-16,BTST_1d,EXPIRED_WIN,56,YELLOW_ALERT,0.65,0.85,0.5525,True
CANFINHOME.NS,2026-06-16,BTST_1d,EXPIRED_WIN,56,YELLOW_ALERT,0.21,0.85,0.1785,True
SUNDRMFAST.NS,2026-06-16,BTST_1d,EXPIRED_WIN,56,YELLOW_ALERT,0.23,0.85,0.1955,True
VEDL.NS,2026-06-16,BTST_1d,EXPIRED_WIN,56,YELLOW_ALERT,1.62,0.85,1.377,True
WIPRO.NS,2026-06-16,BTST_1d,EXPIRED_WIN,56,YELLOW_ALERT,1.37,0.85,1.1645,True
HINDALCO.NS,2026-06-16,BTST_1d,EXPIRED_WIN,56,YELLOW_ALERT,1.55,0.85,1.3175,True
BAJAJ-AUTO.NS,2026-06-16,BTST_1d,EXPIRED_WIN,56,YELLOW_ALERT,0.52,0.85,0.442,True
PFC.NS,2026-06-16,BTST_1d,EXPIRED_WIN,56,YELLOW_ALERT,0.72,0.85,0.612,True
HONAUT.NS,2026-06-16,BTST_1d,EXPIRED_WIN,56,YELLOW_ALERT,0.89,0.85,0.7565,True
KIMS.NS,2026-06-16,BTST_1d,EXPIRED_WIN,56,YELLOW_ALERT,1.95,0.85,1.6575,True
SHREECEM.NS,2026-06-16,BTST_1d,EXPIRED_WIN,56,YELLOW_ALERT,0.16,0.85,0.136,True
TATACHEM.NS,2026-06-16,BTST_1d,EXPIRED_WIN,56,YELLOW_ALERT,0.46,0.85,0.391,True
HINDPETRO.NS,2026-06-16,BTST_1d,EXPIRED_WIN,56,YELLOW_ALERT,0.55,0.85,0.4675,True
CIPLA.NS,2026-06-16,BTST_1d,LOST,56,YELLOW_ALERT,-2.42,0.85,-2.057,False
FACT.NS,2026-06-16,BTST_1d,WON,56,YELLOW_ALERT,3.75,0.85,3.1875,True
TIMKEN.NS,2026-06-16,BTST_1d,WON,56,YELLOW_ALERT,3.75,0.85,3.1875,True
POLYCAB.NS,2026-06-16,BTST_1d,WON,56,YELLOW_ALERT,3.75,0.85,3.1875,True
BHEL.NS,2026-06-15,BTST_1d,EXPIRED_LOSS,64,YELLOW_ALERT,-0.08,0.85,-0.068,False
CROMPTON.NS,2026-06-15,BTST_1d,EXPIRED_LOSS,64,YELLOW_ALERT,-0.21,0.85,-0.1785,False
WHIRLPOOL.NS,2026-06-15,BTST_1d,EXPIRED_LOSS,64,YELLOW_ALERT,-0.18,0.85,-0.153,False
HAL.NS,2026-06-15,BTST_1d,EXPIRED_LOSS,64,YELLOW_ALERT,-1.21,0.85,-1.0285,False
TITAN.NS,2026-06-15,BTST_1d,EXPIRED_WIN,64,YELLOW_ALERT,0.61,0.85,0.5185,True
ADANIENT.NS,2026-06-15,BTST_1d,EXPIRED_WIN,64,YELLOW_ALERT,0.81,0.85,0.6885,True
TATACONSUM.NS,2026-06-15,BTST_1d,EXPIRED_WIN,64,YELLOW_ALERT,2.05,0.85,1.7425,True
TRENT.NS,2026-06-15,BTST_1d,EXPIRED_WIN,64,YELLOW_ALERT,0.25,0.85,0.2125,True
ABB.NS,2026-06-15,BTST_1d,EXPIRED_WIN,64,YELLOW_ALERT,1.31,0.85,1.1135,True
COFORGE.NS,2026-06-15,BTST_1d,EXPIRED_WIN,64,YELLOW_ALERT,2.53,0.85,2.1505,True
MANAPPURAM.NS,2026-06-15,BTST_1d,EXPIRED_WIN,64,YELLOW_ALERT,0.35,0.85,0.2975,True
MARICO.NS,2026-06-15,BTST_1d,EXPIRED_WIN,64,YELLOW_ALERT,0.73,0.85,0.6205,True
MARICO.NS,2026-06-15,Swing_3d,EXPIRED_WIN,64,YELLOW_ALERT,1.78,0.85,1.513,True
PHOENIXLTD.NS,2026-06-15,BTST_1d,EXPIRED_WIN,64,YELLOW_ALERT,1.51,0.85,1.2835,True
COALINDIA.NS,2026-06-15,BTST_1d,EXPIRED_WIN,64,YELLOW_ALERT,0.86,0.85,0.731,True
SIEMENS.NS,2026-06-15,BTST_1d,EXPIRED_WIN,64,YELLOW_ALERT,0.58,0.85,0.493,True
TATAPOWER.NS,2026-06-15,BTST_1d,EXPIRED_WIN,64,YELLOW_ALERT,0.35,0.85,0.2975,True
MARICO.NS,2026-06-15,Swing_5d,LOST,64,YELLOW_ALERT,-1.76,0.85,-1.496,False
ASIANPAINT.NS,2026-06-12,Swing_5d,EXPIRED_LOSS,46,YELLOW_ALERT,0.0,0.85,0.0,False
KIMS.NS,2026-06-12,BTST_1d,EXPIRED_LOSS,46,YELLOW_ALERT,-0.39,0.85,-0.3315,False
ASIANPAINT.NS,2026-06-12,Swing_3d,EXPIRED_WIN,46,YELLOW_ALERT,0.43,0.85,0.3655,True
COALINDIA.NS,2026-06-12,BTST_1d,EXPIRED_WIN,46,YELLOW_ALERT,0.4,0.85,0.34,True
SRF.NS,2026-06-12,BTST_1d,EXPIRED_WIN,46,YELLOW_ALERT,1.26,0.85,1.071,True
CUB.NS,2026-06-12,BTST_1d,EXPIRED_WIN,46,YELLOW_ALERT,1.44,0.85,1.224,True
LICHSGFIN.NS,2026-06-12,BTST_1d,EXPIRED_WIN,46,YELLOW_ALERT,2.96,0.85,2.516,True
TATATECH.NS,2026-06-12,BTST_1d,EXPIRED_WIN,46,YELLOW_ALERT,3.06,0.85,2.601,True
TORNTPOWER.NS,2026-06-12,BTST_1d,EXPIRED_WIN,46,YELLOW_ALERT,0.81,0.85,0.6885,True
LT.NS,2026-06-12,BTST_1d,WON,46,YELLOW_ALERT,3.75,0.85,3.1875,True
ASIANPAINT.NS,2026-06-12,BTST_1d,WON,46,YELLOW_ALERT,3.35,0.85,2.8475,True
GAIL.NS,2026-06-12,BTST_1d,WON,46,YELLOW_ALERT,3.75,0.85,3.1875,True
ABCAPITAL.NS,2026-06-12,BTST_1d,WON,46,YELLOW_ALERT,3.75,0.85,3.1875,True
BSE.NS,2026-06-12,BTST_1d,WON,46,YELLOW_ALERT,3.75,0.85,3.1875,True
DALBHARAT.NS,2026-06-12,BTST_1d,WON,46,YELLOW_ALERT,3.75,0.85,3.1875,True
GLAXO.NS,2026-06-12,BTST_1d,WON,46,YELLOW_ALERT,3.01,0.85,2.5585,True
SUMICHEM.NS,2026-06-12,BTST_1d,WON,46,YELLOW_ALERT,3.75,0.85,3.1875,True
SYNGENE.NS,2026-06-11,BTST_1d,EXPIRED_LOSS,65,YELLOW_ALERT,-1.12,0.85,-0.952,False
BEL.NS,2026-06-11,BTST_1d,EXPIRED_WIN,65,YELLOW_ALERT,0.79,0.85,0.6715,True
ICICIPRULI.NS,2026-06-11,BTST_1d,EXPIRED_WIN,65,YELLOW_ALERT,0.73,0.85,0.6205,True
LUPIN.NS,2026-06-11,BTST_1d,EXPIRED_WIN,65,YELLOW_ALERT,0.57,0.85,0.4845,True
TORNTPOWER.NS,2026-06-11,BTST_1d,EXPIRED_WIN,65,YELLOW_ALERT,0.06,0.85,0.051,True
IDFCFIRSTB.NS,2026-06-11,BTST_1d,EXPIRED_WIN,65,YELLOW_ALERT,2.46,0.85,2.091,True
JIOFIN.NS,2026-06-11,Swing_5d,WON,65,YELLOW_ALERT,6.55,0.85,5.5675,True
RECLTD.NS,2026-06-11,Swing_5d,WON,65,YELLOW_ALERT,6.94,0.85,5.899,True
CHOLAFIN.NS,2026-06-11,Swing_5d,WON,65,YELLOW_ALERT,9.74,0.85,8.279,True
HDFCBANK.NS,2026-06-10,BTST_1d,EXPIRED_WIN,49,YELLOW_ALERT,0.13,0.85,0.1105,True
RAMCOCEM.NS,2026-06-10,BTST_1d,EXPIRED_WIN,49,YELLOW_ALERT,0.57,0.85,0.4845,True
AJANTPHARM.NS,2026-06-10,BTST_1d,EXPIRED_WIN,49,YELLOW_ALERT,0.91,0.85,0.7735,True
SBICARD.NS,2026-06-10,BTST_1d,LOST,49,YELLOW_ALERT,-2.14,0.85,-1.819,False
CGPOWER.NS,2026-06-10,BTST_1d,LOST,49,YELLOW_ALERT,-1.5,0.85,-1.275,False
TCS.NS,2026-06-09,BTST_1d,EXPIRED_WIN,43,YELLOW_ALERT,0.65,0.85,0.5525,True
GRASIM.NS,2026-06-09,BTST_1d,EXPIRED_WIN,43,YELLOW_ALERT,0.77,0.85,0.6545,True
SUNDARMFIN.NS,2026-06-09,BTST_1d,EXPIRED_WIN,43,YELLOW_ALERT,2.27,0.85,1.9295,True
WHIRLPOOL.NS,2026-06-09,BTST_1d,EXPIRED_WIN,43,YELLOW_ALERT,1.21,0.85,1.0285,True
PGHH.NS,2026-06-09,BTST_1d,EXPIRED_WIN,43,YELLOW_ALERT,0.27,0.85,0.2295,True
ADANIGREEN.NS,2026-06-09,BTST_1d,LOST,43,YELLOW_ALERT,-1.5,0.85,-1.275,False
BAJFINANCE.NS,2026-06-04,BTST_1d,WON,29,GREEN,3.75,1.0,3.75,True
TATATECH.NS,2026-06-04,BTST_1d,WON,29,GREEN,3.75,1.0,3.75,True
HINDUNILVR.NS,2026-06-03,BTST_1d,EXPIRED_WIN,40,YELLOW_ALERT,1.02,0.85,0.867,True
HINDUNILVR.NS,2026-06-03,Swing_3d,EXPIRED_WIN,40,YELLOW_ALERT,1.56,0.85,1.326,True
NTPC.NS,2026-06-03,BTST_1d,EXPIRED_WIN,40,YELLOW_ALERT,0.3,0.85,0.255,True
PGHH.NS,2026-06-03,BTST_1d,EXPIRED_WIN,40,YELLOW_ALERT,0.8,0.85,0.68,True
BHARATFORG.NS,2026-06-03,BTST_1d,WON,40,YELLOW_ALERT,3.75,0.85,3.1875,True
NMDC.NS,2026-06-02,BTST_1d,EXPIRED_WIN,44,YELLOW_ALERT,0.91,0.85,0.7735,True
TITAN.NS,2026-05-22,BTST_1d,EXPIRED_WIN,53,YELLOW_ALERT,1.72,0.85,1.462,True
SBILIFE.NS,2026-05-22,BTST_1d,EXPIRED_WIN,53,YELLOW_ALERT,0.93,0.85,0.7905,True
ASTRAL.NS,2026-05-22,BTST_1d,EXPIRED_WIN,53,YELLOW_ALERT,0.92,0.85,0.782,True
MARICO.NS,2026-05-22,BTST_1d,LOST,53,YELLOW_ALERT,-1.46,0.85,-1.241,False
ALKEM.NS,2026-05-21,BTST_1d,EXPIRED_LOSS,60,YELLOW_ALERT,-1.05,0.85,-0.8925,False
METROBRAND.NS,2026-05-21,BTST_1d,EXPIRED_LOSS,60,YELLOW_ALERT,-1.2,0.85,-1.02,False
SCHAEFFLER.NS,2026-05-21,BTST_1d,EXPIRED_LOSS,60,YELLOW_ALERT,-1.09,0.85,-0.9265,False
ADANIENT.NS,2026-05-21,BTST_1d,EXPIRED_WIN,60,YELLOW_ALERT,1.23,0.85,1.0455,True
INDIGO.NS,2026-05-21,BTST_1d,EXPIRED_WIN,60,YELLOW_ALERT,0.19,0.85,0.1615,True
DALBHARAT.NS,2026-05-21,BTST_1d,WON,60,YELLOW_ALERT,3.75,0.85,3.1875,True
BAJFINANCE.NS,2026-05-20,BTST_1d,EXPIRED_LOSS,45,YELLOW_ALERT,-0.19,0.85,-0.1615,False
DABUR.NS,2026-05-20,BTST_1d,EXPIRED_LOSS,45,YELLOW_ALERT,-1.12,0.85,-0.952,False
SHREECEM.NS,2026-05-20,BTST_1d,EXPIRED_LOSS,45,YELLOW_ALERT,-0.06,0.85,-0.051,False
EICHERMOT.NS,2026-05-20,BTST_1d,EXPIRED_WIN,45,YELLOW_ALERT,0.06,0.85,0.051,True
CHOLAFIN.NS,2026-05-20,BTST_1d,EXPIRED_WIN,45,YELLOW_ALERT,0.01,0.85,0.0085,True
INDIGO.NS,2026-05-20,BTST_1d,EXPIRED_WIN,45,YELLOW_ALERT,2.7,0.85,2.295,True
MAXHEALTH.NS,2026-05-20,BTST_1d,EXPIRED_WIN,45,YELLOW_ALERT,2.28,0.85,1.938,True
PIDILITIND.NS,2026-05-20,BTST_1d,EXPIRED_WIN,45,YELLOW_ALERT,0.98,0.85,0.833,True
POLYCAB.NS,2026-05-20,BTST_1d,EXPIRED_WIN,45,YELLOW_ALERT,0.2,0.85,0.17,True
CGPOWER.NS,2026-05-20,BTST_1d,EXPIRED_WIN,45,YELLOW_ALERT,1.08,0.85,0.918,True
DEEPAKNTR.NS,2026-05-20,BTST_1d,EXPIRED_WIN,45,YELLOW_ALERT,0.06,0.85,0.051,True
GMRAIRPORT.NS,2026-05-20,BTST_1d,EXPIRED_WIN,45,YELLOW_ALERT,0.38,0.85,0.323,True
KIMS.NS,2026-05-20,BTST_1d,EXPIRED_WIN,45,YELLOW_ALERT,1.28,0.85,1.088,True
SHREECEM.NS,2026-05-20,Swing_3d,EXPIRED_WIN,45,YELLOW_ALERT,3.36,0.85,2.856,True
TATACHEM.NS,2026-05-20,BTST_1d,EXPIRED_WIN,45,YELLOW_ALERT,1.27,0.85,1.0795,True
UNIONBANK.NS,2026-05-20,BTST_1d,EXPIRED_WIN,45,YELLOW_ALERT,1.56,0.85,1.326,True
LT.NS,2026-05-20,Swing_3d,LOST,45,YELLOW_ALERT,-0.87,0.85,-0.7395,False
BAJFINANCE.NS,2026-05-20,Swing_3d,LOST,45,YELLOW_ALERT,-2.1,0.85,-1.785,False
CHOLAFIN.NS,2026-05-20,Swing_3d,LOST,45,YELLOW_ALERT,-0.76,0.85,-0.646,False
GODREJCP.NS,2026-05-20,Swing_5d,LOST,45,YELLOW_ALERT,-0.94,0.85,-0.799,False
JINDALSTEL.NS,2026-05-20,Swing_3d,LOST,45,YELLOW_ALERT,-1.74,0.85,-1.479,False
CROMPTON.NS,2026-05-20,Swing_5d,LOST,45,YELLOW_ALERT,-0.23,0.85,-0.1955,False
EICHERMOT.NS,2026-05-20,Swing_3d,WON,45,YELLOW_ALERT,5.4,0.85,4.59,True
TATACHEM.NS,2026-05-20,Swing_3d,WON,45,YELLOW_ALERT,6.3,0.85,5.355,True
TATACHEM.NS,2026-05-20,Swing_5d,WON,45,YELLOW_ALERT,9.78,0.85,8.313,True
UNIONBANK.NS,2026-05-20,Swing_3d,WON,45,YELLOW_ALERT,4.94,0.85,4.199,True
ICICIBANK.NS,2026-05-14,BTST_1d,EXPIRED_LOSS,56,YELLOW_ALERT,-0.38,0.85,-0.323,False
HEROMOTOCO.NS,2026-05-14,Swing_3d,EXPIRED_LOSS,56,YELLOW_ALERT,-1.32,0.85,-1.122,False
PNB.NS,2026-05-14,BTST_1d,EXPIRED_LOSS,56,YELLOW_ALERT,-0.77,0.85,-0.6545,False
HDFCLIFE.NS,2026-05-14,BTST_1d,EXPIRED_WIN,56,YELLOW_ALERT,0.65,0.85,0.5525,True
BAJAJHLDNG.NS,2026-05-14,BTST_1d,EXPIRED_WIN,56,YELLOW_ALERT,0.41,0.85,0.3485,True
COLPAL.NS,2026-05-14,BTST_1d,EXPIRED_WIN,56,YELLOW_ALERT,0.48,0.85,0.408,True
CUMMINSIND.NS,2026-05-14,BTST_1d,EXPIRED_WIN,56,YELLOW_ALERT,0.67,0.85,0.5695,True
HONAUT.NS,2026-05-14,BTST_1d,EXPIRED_WIN,56,YELLOW_ALERT,2.09,0.85,1.7765,True
LALPATHLAB.NS,2026-05-14,BTST_1d,EXPIRED_WIN,56,YELLOW_ALERT,2.12,0.85,1.802,True
NAM-INDIA.NS,2026-05-14,BTST_1d,EXPIRED_WIN,56,YELLOW_ALERT,0.96,0.85,0.816,True
HEROMOTOCO.NS,2026-05-14,Swing_5d,LOST,56,YELLOW_ALERT,-1.8,0.85,-1.53,False
ABB.NS,2026-05-14,Swing_3d,LOST,56,YELLOW_ALERT,-1.26,0.85,-1.071,False
COLPAL.NS,2026-05-14,Swing_5d,LOST,56,YELLOW_ALERT,-1.16,0.85,-0.986,False
APLLTD.NS,2026-05-14,BTST_1d,LOST,56,YELLOW_ALERT,-1.5,0.85,-1.275,False
PRESTIGE.NS,2026-05-14,BTST_1d,LOST,56,YELLOW_ALERT,-1.5,0.85,-1.275,False
AJANTPHARM.NS,2026-05-14,BTST_1d,LOST,56,YELLOW_ALERT,-1.5,0.85,-1.275,False
NAM-INDIA.NS,2026-05-14,Swing_5d,LOST,56,YELLOW_ALERT,-1.08,0.85,-0.918,False
UNITDSPR.NS,2026-05-14,BTST_1d,WON,56,YELLOW_ALERT,3.75,0.85,3.1875,True
BAJFINANCE.NS,2026-05-12,BTST_1d,EXPIRED_LOSS,71,RED_ALERT,-1.67,0.7,-1.169,False
TRENT.NS,2026-05-12,BTST_1d,EXPIRED_LOSS,71,RED_ALERT,-0.73,0.7,-0.511,False
DLF.NS,2026-05-12,BTST_1d,EXPIRED_LOSS,71,RED_ALERT,-0.65,0.7,-0.455,False
IOC.NS,2026-05-12,Swing_3d,EXPIRED_LOSS,71,RED_ALERT,-0.88,0.7,-0.616,False
IRFC.NS,2026-05-12,BTST_1d,EXPIRED_LOSS,71,RED_ALERT,-0.4,0.7,-0.28,False
FACT.NS,2026-05-12,BTST_1d,EXPIRED_LOSS,71,RED_ALERT,-0.79,0.7,-0.553,False
TRIDENT.NS,2026-05-12,BTST_1d,EXPIRED_LOSS,71,RED_ALERT,-1.41,0.7,-0.987,False
ESCORTS.NS,2026-05-12,Swing_3d,EXPIRED_WIN,71,RED_ALERT,2.22,0.7,1.554,True
MUTHOOTFIN.NS,2026-05-12,BTST_1d,EXPIRED_WIN,71,RED_ALERT,0.85,0.7,0.595,True
OIL.NS,2026-05-12,BTST_1d,EXPIRED_WIN,71,RED_ALERT,0.43,0.7,0.301,True
SUNDRMFAST.NS,2026-05-12,BTST_1d,EXPIRED_WIN,71,RED_ALERT,2.55,0.7,1.785,True
VEDL.NS,2026-05-12,BTST_1d,EXPIRED_WIN,71,RED_ALERT,2.62,0.7,1.834,True
SBIN.NS,2026-05-12,Swing_3d,LOST,71,RED_ALERT,-2.0,0.7,-1.4,False
BRITANNIA.NS,2026-05-12,Swing_3d,LOST,71,RED_ALERT,-0.91,0.7,-0.637,False
HAVELLS.NS,2026-05-12,Swing_3d,LOST,71,RED_ALERT,-1.74,0.7,-1.218,False
JIOFIN.NS,2026-05-12,BTST_1d,LOST,71,RED_ALERT,-2.5,0.7,-1.75,False
ASHOKLEY.NS,2026-05-12,Swing_3d,LOST,71,RED_ALERT,-2.1,0.7,-1.47,False
BATAINDIA.NS,2026-05-12,Swing_3d,LOST,71,RED_ALERT,-0.87,0.7,-0.609,False
CDSL.NS,2026-05-12,Swing_3d,LOST,71,RED_ALERT,-1.7,0.7,-1.19,False
GUJGASLTD.NS,2026-05-12,BTST_1d,LOST,71,RED_ALERT,-2.5,0.7,-1.75,False
HONAUT.NS,2026-05-12,Swing_3d,LOST,71,RED_ALERT,-1.23,0.7,-0.861,False
JUBLFOOD.NS,2026-05-12,Swing_3d,LOST,71,RED_ALERT,-2.0,0.7,-1.4,False
WHIRLPOOL.NS,2026-05-12,BTST_1d,LOST,71,RED_ALERT,-2.5,0.7,-1.75,False
3MINDIA.NS,2026-05-12,Swing_3d,LOST,71,RED_ALERT,-1.94,0.7,-1.358,False
SYNGENE.NS,2026-05-11,Swing_3d,EXPIRED_LOSS,60,YELLOW_ALERT,-0.95,0.85,-0.8075,False
POLYCAB.NS,2026-05-11,BTST_1d,EXPIRED_WIN,60,YELLOW_ALERT,1.07,0.85,0.9095,True
UNITDSPR.NS,2026-05-05,BTST_1d,EXPIRED_LOSS,67,YELLOW_ALERT,-2.41,0.85,-2.0485,False
WIPRO.NS,2026-05-05,BTST_1d,EXPIRED_WIN,67,YELLOW_ALERT,0.18,0.85,0.153,True
SBILIFE.NS,2026-05-05,Swing_3d,EXPIRED_WIN,67,YELLOW_ALERT,2.46,0.85,2.091,True
SHRIRAMFIN.NS,2026-05-05,BTST_1d,EXPIRED_WIN,67,YELLOW_ALERT,2.65,0.85,2.2525,True
ALKEM.NS,2026-05-05,Swing_5d,EXPIRED_WIN,67,YELLOW_ALERT,3.65,0.85,3.1025,True
GLAXO.NS,2026-05-05,BTST_1d,EXPIRED_WIN,67,YELLOW_ALERT,0.61,0.85,0.5185,True
IPCALAB.NS,2026-05-05,BTST_1d,EXPIRED_WIN,67,YELLOW_ALERT,1.31,0.85,1.1135,True
SBILIFE.NS,2026-05-05,Swing_5d,LOST,67,YELLOW_ALERT,-0.07,0.85,-0.0595,False
UNITDSPR.NS,2026-04-30,BTST_1d,EXPIRED_LOSS,52,YELLOW_ALERT,-0.28,0.85,-0.238,False
AMBUJACEM.NS,2026-04-30,BTST_1d,EXPIRED_WIN,52,YELLOW_ALERT,0.09,0.85,0.0765,True
HATSUN.NS,2026-04-30,BTST_1d,EXPIRED_WIN,52,YELLOW_ALERT,0.5,0.85,0.425,True
SHREECEM.NS,2026-04-30,BTST_1d,EXPIRED_WIN,52,YELLOW_ALERT,2.85,0.85,2.4225,True
APLAPOLLO.NS,2026-04-30,Swing_3d,LOST,52,YELLOW_ALERT,-2.1,0.85,-1.785,False
GLAXO.NS,2026-04-30,Swing_3d,LOST,52,YELLOW_ALERT,-0.26,0.85,-0.221,False
MRF.NS,2026-04-30,Swing_3d,LOST,52,YELLOW_ALERT,-1.6,0.85,-1.36,False
RAJESHEXPO.NS,2026-04-30,BTST_1d,LOST,52,YELLOW_ALERT,-1.5,0.85,-1.275,False
SONACOMS.NS,2026-04-30,Swing_5d,LOST,52,YELLOW_ALERT,-3.0,0.85,-2.55,False
BAJAJ-AUTO.NS,2026-04-30,BTST_1d,WON,52,YELLOW_ALERT,3.25,0.85,2.7625,True
BAJAJ-AUTO.NS,2026-04-30,Swing_5d,WON,52,YELLOW_ALERT,6.19,0.85,5.2615,True
GAIL.NS,2026-04-29,Swing_5d,LOST,65,YELLOW_ALERT,-2.6,0.85,-2.21,False
BATAINDIA.NS,2026-04-29,Swing_3d,LOST,65,YELLOW_ALERT,-1.2,0.85,-1.02,False
MARICO.NS,2026-04-29,Swing_3d,LOST,65,YELLOW_ALERT,-1.38,0.85,-1.173,False
MAZDOCK.NS,2026-04-29,Swing_5d,LOST,65,YELLOW_ALERT,-3.0,0.85,-2.55,False
MGL.NS,2026-04-29,Swing_5d,LOST,65,YELLOW_ALERT,-1.8,0.85,-1.53,False
ZYDUSLIFE.NS,2026-04-29,Swing_3d,LOST,65,YELLOW_ALERT,-1.76,0.85,-1.496,False
POONAWALLA.NS,2026-04-29,Swing_5d,LOST,65,YELLOW_ALERT,-1.08,0.85,-0.918,False
ICICIBANK.NS,2026-04-28,BTST_1d,EXPIRED_LOSS,68,YELLOW_ALERT,-1.22,0.85,-1.037,False
ASTRAL.NS,2026-04-28,BTST_1d,EXPIRED_LOSS,68,YELLOW_ALERT,-0.49,0.85,-0.4165,False
BEL.NS,2026-04-28,BTST_1d,EXPIRED_WIN,68,YELLOW_ALERT,0.29,0.85,0.2465,True
BALKRISIND.NS,2026-04-28,BTST_1d,EXPIRED_WIN,68,YELLOW_ALERT,0.7,0.85,0.595,True
MANAPPURAM.NS,2026-04-28,BTST_1d,EXPIRED_WIN,68,YELLOW_ALERT,1.27,0.85,1.0795,True
MANAPPURAM.NS,2026-04-28,Swing_5d,EXPIRED_WIN,68,YELLOW_ALERT,5.87,0.85,4.9895,True
OIL.NS,2026-04-28,BTST_1d,EXPIRED_WIN,68,YELLOW_ALERT,0.59,0.85,0.5015,True
BEL.NS,2026-04-28,Swing_3d,LOST,68,YELLOW_ALERT,-1.77,0.85,-1.5045,False
HAVELLS.NS,2026-04-28,Swing_3d,LOST,68,YELLOW_ALERT,-1.26,0.85,-1.071,False
GLAXO.NS,2026-04-28,BTST_1d,LOST,68,YELLOW_ALERT,-2.5,0.85,-2.125,False
OIL.NS,2026-04-28,Swing_5d,LOST,68,YELLOW_ALERT,-2.3,0.85,-1.955,False
LT.NS,2026-04-27,BTST_1d,EXPIRED_LOSS,56,YELLOW_ALERT,-1.0,0.85,-0.85,False
JSWSTEEL.NS,2026-04-27,BTST_1d,EXPIRED_LOSS,56,YELLOW_ALERT,-0.98,0.85,-0.833,False
DIVISLAB.NS,2026-04-27,BTST_1d,EXPIRED_LOSS,56,YELLOW_ALERT,-0.19,0.85,-0.1615,False
CIPLA.NS,2026-04-27,BTST_1d,EXPIRED_LOSS,56,YELLOW_ALERT,-1.13,0.85,-0.9605,False
DLF.NS,2026-04-27,BTST_1d,EXPIRED_LOSS,56,YELLOW_ALERT,-1.69,0.85,-1.4365,False
LUPIN.NS,2026-04-27,BTST_1d,EXPIRED_LOSS,56,YELLOW_ALERT,-0.94,0.85,-0.799,False
ASTRAL.NS,2026-04-27,BTST_1d,EXPIRED_LOSS,56,YELLOW_ALERT,-0.94,0.85,-0.799,False
BALKRISIND.NS,2026-04-27,BTST_1d,EXPIRED_LOSS,56,YELLOW_ALERT,-1.34,0.85,-1.139,False
KIMS.NS,2026-04-27,BTST_1d,EXPIRED_LOSS,56,YELLOW_ALERT,-1.92,0.85,-1.632,False
SUPREMEIND.NS,2026-04-27,BTST_1d,EXPIRED_LOSS,56,YELLOW_ALERT,-1.96,0.85,-1.666,False
POONAWALLA.NS,2026-04-27,BTST_1d,EXPIRED_LOSS,56,YELLOW_ALERT,-1.62,0.85,-1.377,False
AUROPHARMA.NS,2026-04-27,BTST_1d,EXPIRED_WIN,56,YELLOW_ALERT,0.51,0.85,0.4335,True
LTIM.NS,2026-04-27,BTST_1d,EXPIRED_WIN,56,YELLOW_ALERT,1.49,0.85,1.2665,True
OFSS.NS,2026-04-27,BTST_1d,EXPIRED_WIN,56,YELLOW_ALERT,2.13,0.85,1.8105,True
PFC.NS,2026-04-27,BTST_1d,EXPIRED_WIN,56,YELLOW_ALERT,0.36,0.85,0.306,True
BHEL.NS,2026-04-27,BTST_1d,EXPIRED_WIN,56,YELLOW_ALERT,0.56,0.85,0.476,True
DIXON.NS,2026-04-27,Swing_5d,EXPIRED_WIN,56,YELLOW_ALERT,1.54,0.85,1.309,True
ASIANPAINT.NS,2026-04-27,Swing_3d,LOST,56,YELLOW_ALERT,-1.23,0.85,-1.0455,False
BAJAJFINSV.NS,2026-04-27,Swing_3d,LOST,56,YELLOW_ALERT,-0.7,0.85,-0.595,False
CIPLA.NS,2026-04-27,Swing_5d,LOST,56,YELLOW_ALERT,-0.87,0.85,-0.7395,False
DLF.NS,2026-04-27,Swing_5d,LOST,56,YELLOW_ALERT,-1.8,0.85,-1.53,False
GAIL.NS,2026-04-27,Swing_5d,LOST,56,YELLOW_ALERT,-1.08,0.85,-0.918,False
PFC.NS,2026-04-27,Swing_5d,LOST,56,YELLOW_ALERT,-1.8,0.85,-1.53,False
SRF.NS,2026-04-27,Swing_5d,LOST,56,YELLOW_ALERT,-0.88,0.85,-0.748,False
CYIENT.NS,2026-04-27,Swing_3d,LOST,56,YELLOW_ALERT,-2.1,0.85,-1.785,False
INDUSTOWER.NS,2026-04-27,Swing_5d,LOST,56,YELLOW_ALERT,-0.56,0.85,-0.476,False
KIMS.NS,2026-04-27,Swing_5d,LOST,56,YELLOW_ALERT,-1.8,0.85,-1.53,False
MRF.NS,2026-04-27,Swing_3d,LOST,56,YELLOW_ALERT,-1.07,0.85,-0.9095,False
SUPREMEIND.NS,2026-04-27,Swing_5d,LOST,56,YELLOW_ALERT,-1.8,0.85,-1.53,False
BHEL.NS,2026-04-27,Swing_5d,WON,56,YELLOW_ALERT,10.0,0.85,8.5,True
DIXON.NS,2026-04-27,BTST_1d,WON,56,YELLOW_ALERT,3.75,0.85,3.1875,True
GLENMARK.NS,2026-04-27,BTST_1d,WON,56,YELLOW_ALERT,3.75,0.85,3.1875,True
HCLTECH.NS,2026-04-24,Swing_3d,EXPIRED_LOSS,48,YELLOW_ALERT,-0.06,0.85,-0.051,False
HDFCBANK.NS,2026-04-24,BTST_1d,EXPIRED_WIN,48,YELLOW_ALERT,0.71,0.85,0.6035,True
HDFCBANK.NS,2026-04-24,Swing_3d,EXPIRED_WIN,48,YELLOW_ALERT,0.01,0.85,0.0085,True
M&M.NS,2026-04-24,Swing_5d,EXPIRED_WIN,48,YELLOW_ALERT,2.87,0.85,2.4395,True
HEROMOTOCO.NS,2026-04-24,Swing_3d,EXPIRED_WIN,48,YELLOW_ALERT,2.79,0.85,2.3715,True
HDFCLIFE.NS,2026-04-24,Swing_3d,EXPIRED_WIN,48,YELLOW_ALERT,1.87,0.85,1.5895,True
BAJAJ-AUTO.NS,2026-04-24,BTST_1d,EXPIRED_WIN,48,YELLOW_ALERT,0.98,0.85,0.833,True
LICI.NS,2026-04-24,BTST_1d,EXPIRED_WIN,48,YELLOW_ALERT,1.74,0.85,1.479,True
MRF.NS,2026-04-24,BTST_1d,EXPIRED_WIN,48,YELLOW_ALERT,0.14,0.85,0.119,True
TVSMOTOR.NS,2026-04-24,BTST_1d,EXPIRED_WIN,48,YELLOW_ALERT,0.49,0.85,0.4165,True
SBILIFE.NS,2026-04-24,Swing_3d,LOST,48,YELLOW_ALERT,-0.76,0.85,-0.646,False
SBILIFE.NS,2026-04-24,Swing_5d,LOST,48,YELLOW_ALERT,-1.01,0.85,-0.8585,False
SBICARD.NS,2026-04-24,Swing_5d,LOST,48,YELLOW_ALERT,-1.59,0.85,-1.3515,False
IIFL.NS,2026-04-24,Swing_3d,LOST,48,YELLOW_ALERT,-1.26,0.85,-1.071,False
TATAELXSI.NS,2026-04-24,Swing_3d,LOST,48,YELLOW_ALERT,-1.26,0.85,-1.071,False
COFORGE.NS,2026-04-24,BTST_1d,WON,48,YELLOW_ALERT,3.75,0.85,3.1875,True
MPHASIS.NS,2026-04-24,BTST_1d,WON,48,YELLOW_ALERT,3.75,0.85,3.1875,True
RATNAMANI.NS,2026-04-24,BTST_1d,WON,48,YELLOW_ALERT,3.75,0.85,3.1875,True
POWERGRID.NS,2026-04-23,BTST_1d,EXPIRED_LOSS,56,YELLOW_ALERT,-1.13,0.85,-0.9605,False
IRFC.NS,2026-04-23,BTST_1d,EXPIRED_LOSS,56,YELLOW_ALERT,-1.21,0.85,-1.0285,False
IRFC.NS,2026-04-23,Swing_3d,EXPIRED_LOSS,56,YELLOW_ALERT,-0.8,0.85,-0.68,False
INDHOTEL.NS,2026-04-23,BTST_1d,EXPIRED_LOSS,56,YELLOW_ALERT,-0.38,0.85,-0.323,False
BAJFINANCE.NS,2026-04-23,BTST_1d,EXPIRED_WIN,56,YELLOW_ALERT,0.49,0.85,0.4165,True
NESTLEIND.NS,2026-04-23,BTST_1d,EXPIRED_WIN,56,YELLOW_ALERT,1.35,0.85,1.1475,True
DIVISLAB.NS,2026-04-23,BTST_1d,EXPIRED_WIN,56,YELLOW_ALERT,0.1,0.85,0.085,True
COLPAL.NS,2026-04-23,Swing_3d,EXPIRED_WIN,56,YELLOW_ALERT,0.32,0.85,0.272,True
AUBANK.NS,2026-04-23,BTST_1d,EXPIRED_WIN,56,YELLOW_ALERT,0.64,0.85,0.544,True
BAJFINANCE.NS,2026-04-23,Swing_3d,LOST,56,YELLOW_ALERT,-0.45,0.85,-0.3825,False
BAJFINANCE.NS,2026-04-23,Swing_5d,LOST,56,YELLOW_ALERT,-0.38,0.85,-0.323,False
BAJFINANCE.NS,2026-04-23,Swing_10d,LOST,56,YELLOW_ALERT,-0.39,0.85,-0.3315,False
POWERGRID.NS,2026-04-23,Swing_5d,LOST,56,YELLOW_ALERT,-1.16,0.85,-0.986,False
BAJAJFINSV.NS,2026-04-23,BTST_1d,LOST,56,YELLOW_ALERT,-0.9,0.85,-0.765,False
BAJAJFINSV.NS,2026-04-23,Swing_3d,LOST,56,YELLOW_ALERT,-0.71,0.85,-0.6035,False
BAJAJFINSV.NS,2026-04-23,Swing_5d,LOST,56,YELLOW_ALERT,-0.89,0.85,-0.7565,False
BAJAJFINSV.NS,2026-04-23,Swing_10d,LOST,56,YELLOW_ALERT,-1.07,0.85,-0.9095,False
NESTLEIND.NS,2026-04-23,Swing_10d,LOST,56,YELLOW_ALERT,-0.23,0.85,-0.1955,False
DIVISLAB.NS,2026-04-23,Swing_10d,LOST,56,YELLOW_ALERT,-1.08,0.85,-0.918,False
BANKBARODA.NS,2026-04-23,BTST_1d,LOST,56,YELLOW_ALERT,-0.9,0.85,-0.765,False
BANKBARODA.NS,2026-04-23,Swing_3d,LOST,56,YELLOW_ALERT,-1.19,0.85,-1.0115,False
BANKBARODA.NS,2026-04-23,Swing_5d,LOST,56,YELLOW_ALERT,-1.49,0.85,-1.2665,False
BANKBARODA.NS,2026-04-23,Swing_10d,LOST,56,YELLOW_ALERT,-1.79,0.85,-1.5215,False
IRFC.NS,2026-04-23,Swing_5d,LOST,56,YELLOW_ALERT,-1.68,0.85,-1.428,False
IRFC.NS,2026-04-23,Swing_10d,LOST,56,YELLOW_ALERT,-1.79,0.85,-1.5215,False
AUBANK.NS,2026-04-23,Swing_10d,LOST,56,YELLOW_ALERT,-0.65,0.85,-0.5525,False
IEX.NS,2026-04-23,Swing_5d,LOST,56,YELLOW_ALERT,-1.08,0.85,-0.918,False
INDHOTEL.NS,2026-04-23,Swing_3d,LOST,56,YELLOW_ALERT,-0.76,0.85,-0.646,False
INDHOTEL.NS,2026-04-23,Swing_5d,LOST,56,YELLOW_ALERT,-1.0,0.85,-0.85,False
INDHOTEL.NS,2026-04-23,Swing_10d,LOST,56,YELLOW_ALERT,-1.08,0.85,-0.918,False
POLYMED.NS,2026-04-23,Swing_5d,LOST,56,YELLOW_ALERT,-1.8,0.85,-1.53,False
TATATECH.NS,2026-04-23,BTST_1d,LOST,56,YELLOW_ALERT,-0.9,0.85,-0.765,False
TATATECH.NS,2026-04-23,Swing_3d,LOST,56,YELLOW_ALERT,-1.1,0.85,-0.935,False
TATATECH.NS,2026-04-23,Swing_5d,LOST,56,YELLOW_ALERT,-1.38,0.85,-1.173,False
TATATECH.NS,2026-04-23,Swing_10d,LOST,56,YELLOW_ALERT,-1.65,0.85,-1.4025,False
YESBANK.NS,2026-04-23,Swing_3d,LOST,56,YELLOW_ALERT,-0.7,0.85,-0.595,False
YESBANK.NS,2026-04-23,Swing_5d,LOST,56,YELLOW_ALERT,-0.5,0.85,-0.425,False
RECLTD.NS,2026-04-22,BTST_1d,EXPIRED_LOSS,59,YELLOW_ALERT,-1.33,0.85,-1.1305,False
METROBRAND.NS,2026-04-22,BTST_1d,EXPIRED_LOSS,59,YELLOW_ALERT,-0.26,0.85,-0.221,False
NTPC.NS,2026-04-22,BTST_1d,EXPIRED_LOSS,59,YELLOW_ALERT,-1.24,0.85,-1.054,False
CASTROLIND.NS,2026-04-22,Swing_3d,EXPIRED_WIN,59,YELLOW_ALERT,0.4,0.85,0.34,True
CGPOWER.NS,2026-04-22,BTST_1d,EXPIRED_WIN,59,YELLOW_ALERT,1.0,0.85,0.85,True
NATCOPHARM.NS,2026-04-22,BTST_1d,EXPIRED_WIN,59,YELLOW_ALERT,0.82,0.85,0.697,True
PIIND.NS,2026-04-22,Swing_3d,EXPIRED_WIN,59,YELLOW_ALERT,2.58,0.85,2.193,True
3MINDIA.NS,2026-04-22,BTST_1d,EXPIRED_WIN,59,YELLOW_ALERT,0.41,0.85,0.3485,True
ABB.NS,2026-04-22,Swing_5d,LOST,59,YELLOW_ALERT,-2.9,0.85,-2.465,False
ADANIGREEN.NS,2026-04-22,Swing_5d,LOST,59,YELLOW_ALERT,-1.8,0.85,-1.53,False
CHOLAFIN.NS,2026-04-22,Swing_3d,LOST,59,YELLOW_ALERT,-2.1,0.85,-1.785,False
LICI.NS,2026-04-22,Swing_5d,LOST,59,YELLOW_ALERT,-1.47,0.85,-1.2495,False
RECLTD.NS,2026-04-22,Swing_3d,LOST,59,YELLOW_ALERT,-2.1,0.85,-1.785,False
RECLTD.NS,2026-04-22,Swing_5d,LOST,59,YELLOW_ALERT,-3.0,0.85,-2.55,False
APLAPOLLO.NS,2026-04-22,BTST_1d,LOST,59,YELLOW_ALERT,-2.5,0.85,-2.125,False
CANFINHOME.NS,2026-04-22,Swing_3d,LOST,59,YELLOW_ALERT,-2.1,0.85,-1.785,False
CANFINHOME.NS,2026-04-22,Swing_5d,LOST,59,YELLOW_ALERT,-3.0,0.85,-2.55,False
CGPOWER.NS,2026-04-22,Swing_3d,LOST,59,YELLOW_ALERT,-0.76,0.85,-0.646,False
CGPOWER.NS,2026-04-22,Swing_5d,LOST,59,YELLOW_ALERT,-0.65,0.85,-0.5525,False
GRANULES.NS,2026-04-22,Swing_5d,LOST,59,YELLOW_ALERT,-1.08,0.85,-0.918,False
HONAUT.NS,2026-04-22,Swing_3d,LOST,59,YELLOW_ALERT,-0.76,0.85,-0.646,False
WHIRLPOOL.NS,2026-04-22,Swing_3d,LOST,59,YELLOW_ALERT,-0.45,0.85,-0.3825,False
WHIRLPOOL.NS,2026-04-22,Swing_5d,LOST,59,YELLOW_ALERT,-0.39,0.85,-0.3315,False
NTPC.NS,2026-04-22,Swing_3d,LOST,59,YELLOW_ALERT,-1.26,0.85,-1.071,False
NTPC.NS,2026-04-22,Swing_10d,LOST,59,YELLOW_ALERT,-1.08,0.85,-0.918,False
POWERGRID.NS,2026-04-22,Swing_5d,LOST,59,YELLOW_ALERT,-0.78,0.85,-0.663,False
POWERGRID.NS,2026-04-22,Swing_10d,LOST,59,YELLOW_ALERT,-0.93,0.85,-0.7905,False
CHOLAFIN.NS,2026-04-22,Swing_10d,LOST,59,YELLOW_ALERT,-1.8,0.85,-1.53,False
INDIGO.NS,2026-04-22,Swing_3d,LOST,59,YELLOW_ALERT,-2.1,0.85,-1.785,False
INDIGO.NS,2026-04-22,Swing_10d,LOST,59,YELLOW_ALERT,-3.0,0.85,-2.55,False
RECLTD.NS,2026-04-22,Swing_10d,LOST,59,YELLOW_ALERT,-3.0,0.85,-2.55,False
PAGEIND.NS,2026-04-22,Swing_5d,LOST,59,YELLOW_ALERT,-1.43,0.85,-1.2155,False
ZEEL.NS,2026-04-22,Swing_5d,LOST,59,YELLOW_ALERT,-1.08,0.85,-0.918,False
TATACOMM.NS,2026-04-22,BTST_1d,WON,59,YELLOW_ALERT,3.75,0.85,3.1875,True
TATACOMM.NS,2026-04-22,Swing_3d,WON,59,YELLOW_ALERT,6.3,0.85,5.355,True
DRREDDY.NS,2026-04-22,BTST_1d,WON,59,YELLOW_ALERT,3.75,0.85,3.1875,True
DRREDDY.NS,2026-04-22,Swing_3d,WON,59,YELLOW_ALERT,5.77,0.85,4.9045,True
DRREDDY.NS,2026-04-22,Swing_5d,WON,59,YELLOW_ALERT,8.02,0.85,6.817,True
STARHEALTH.NS,2026-04-21,BTST_1d,EXPIRED_LOSS,62,YELLOW_ALERT,-1.12,0.85,-0.952,False
TATASTEEL.NS,2026-04-21,BTST_1d,EXPIRED_WIN,62,YELLOW_ALERT,0.6,0.85,0.51,True
INDUSINDBK.NS,2026-04-21,BTST_1d,EXPIRED_WIN,62,YELLOW_ALERT,0.45,0.85,0.3825,True
CANBK.NS,2026-04-21,BTST_1d,EXPIRED_WIN,62,YELLOW_ALERT,1.05,0.85,0.8925,True
ATUL.NS,2026-04-21,BTST_1d,EXPIRED_WIN,62,YELLOW_ALERT,0.11,0.85,0.0935,True
BHARATFORG.NS,2026-04-21,BTST_1d,EXPIRED_WIN,62,YELLOW_ALERT,0.62,0.85,0.527,True
FEDERALBNK.NS,2026-04-21,BTST_1d,EXPIRED_WIN,62,YELLOW_ALERT,0.54,0.85,0.459,True
GLAXO.NS,2026-04-21,Swing_3d,EXPIRED_WIN,62,YELLOW_ALERT,2.8,0.85,2.38,True
GUJGASLTD.NS,2026-04-21,BTST_1d,EXPIRED_WIN,62,YELLOW_ALERT,0.27,0.85,0.2295,True
GUJGASLTD.NS,2026-04-21,Swing_3d,EXPIRED_WIN,62,YELLOW_ALERT,2.01,0.85,1.7085,True
GUJGASLTD.NS,2026-04-21,Swing_5d,EXPIRED_WIN,62,YELLOW_ALERT,3.8,0.85,3.23,True
MAZDOCK.NS,2026-04-21,BTST_1d,EXPIRED_WIN,62,YELLOW_ALERT,1.17,0.85,0.9945,True
TATACOMM.NS,2026-04-21,BTST_1d,EXPIRED_WIN,62,YELLOW_ALERT,0.1,0.85,0.085,True
UNITDSPR.NS,2026-04-21,BTST_1d,EXPIRED_WIN,62,YELLOW_ALERT,1.81,0.85,1.5385,True
HDFCBANK.NS,2026-04-21,BTST_1d,LOST,62,YELLOW_ALERT,-0.9,0.85,-0.765,False
ICICIBANK.NS,2026-04-21,Swing_3d,LOST,62,YELLOW_ALERT,-1.26,0.85,-1.071,False
MARUTI.NS,2026-04-21,Swing_5d,LOST,62,YELLOW_ALERT,-1.8,0.85,-1.53,False
TATASTEEL.NS,2026-04-21,Swing_5d,LOST,62,YELLOW_ALERT,-0.82,0.85,-0.697,False
BHARATFORG.NS,2026-04-21,Swing_3d,LOST,62,YELLOW_ALERT,-2.1,0.85,-1.785,False
BHARATFORG.NS,2026-04-21,Swing_5d,LOST,62,YELLOW_ALERT,-3.0,0.85,-2.55,False
BHARATFORG.NS,2026-04-21,Swing_10d,LOST,62,YELLOW_ALERT,-3.0,0.85,-2.55,False
FEDERALBNK.NS,2026-04-21,Swing_5d,LOST,62,YELLOW_ALERT,-1.01,0.85,-0.8585,False
GUJGASLTD.NS,2026-04-21,Swing_10d,LOST,62,YELLOW_ALERT,-0.39,0.85,-0.3315,False
INDHOTEL.NS,2026-04-21,Swing_3d,LOST,62,YELLOW_ALERT,-0.76,0.85,-0.646,False
INDHOTEL.NS,2026-04-21,Swing_5d,LOST,62,YELLOW_ALERT,-1.08,0.85,-0.918,False
INDHOTEL.NS,2026-04-21,Swing_10d,LOST,62,YELLOW_ALERT,-1.08,0.85,-0.918,False
MPHASIS.NS,2026-04-21,Swing_3d,LOST,62,YELLOW_ALERT,-2.1,0.85,-1.785,False
NATCOPHARM.NS,2026-04-21,BTST_1d,LOST,62,YELLOW_ALERT,-2.5,0.85,-2.125,False
NATCOPHARM.NS,2026-04-21,Swing_5d,LOST,62,YELLOW_ALERT,-1.8,0.85,-1.53,False
NATCOPHARM.NS,2026-04-21,Swing_10d,LOST,62,YELLOW_ALERT,-1.8,0.85,-1.53,False
RAJESHEXPO.NS,2026-04-21,BTST_1d,LOST,62,YELLOW_ALERT,-2.5,0.85,-2.125,False
RAJESHEXPO.NS,2026-04-21,Swing_3d,LOST,62,YELLOW_ALERT,-3.5,0.85,-2.975,False
STARHEALTH.NS,2026-04-21,Swing_3d,LOST,62,YELLOW_ALERT,-1.26,0.85,-1.071,False
STARHEALTH.NS,2026-04-21,Swing_5d,LOST,62,YELLOW_ALERT,-1.8,0.85,-1.53,False
STARHEALTH.NS,2026-04-21,Swing_10d,LOST,62,YELLOW_ALERT,-1.8,0.85,-1.53,False
NAM-INDIA.NS,2026-04-21,Swing_3d,LOST,62,YELLOW_ALERT,-0.76,0.85,-0.646,False
NAM-INDIA.NS,2026-04-21,Swing_10d,LOST,62,YELLOW_ALERT,-1.08,0.85,-0.918,False
RAJESHEXPO.NS,2026-04-21,Swing_10d,WON,62,YELLOW_ALERT,10.0,0.85,8.5,True
TATACOMM.NS,2026-04-21,Swing_3d,WON,62,YELLOW_ALERT,6.3,0.85,5.355,True
SUNPHARMA.NS,2026-04-20,BTST_1d,EXPIRED_LOSS,64,YELLOW_ALERT,-0.08,0.85,-0.068,False
KALYANKJIL.NS,2026-04-20,BTST_1d,EXPIRED_LOSS,64,YELLOW_ALERT,-0.55,0.85,-0.4675,False
SUNPHARMA.NS,2026-04-20,Swing_3d,EXPIRED_WIN,64,YELLOW_ALERT,1.27,0.85,1.0795,True
BANKINDIA.NS,2026-04-20,BTST_1d,EXPIRED_WIN,64,YELLOW_ALERT,1.35,0.85,1.1475,True
BANKINDIA.NS,2026-04-20,Swing_3d,EXPIRED_WIN,64,YELLOW_ALERT,2.43,0.85,2.0655,True
BHEL.NS,2026-04-20,BTST_1d,EXPIRED_WIN,64,YELLOW_ALERT,0.32,0.85,0.272,True
BHEL.NS,2026-04-20,Swing_3d,EXPIRED_WIN,64,YELLOW_ALERT,1.21,0.85,1.0285,True
GODREJPROP.NS,2026-04-20,Swing_3d,EXPIRED_WIN,64,YELLOW_ALERT,3.49,0.85,2.9665,True
GODREJPROP.NS,2026-04-20,Swing_5d,EXPIRED_WIN,64,YELLOW_ALERT,4.04,0.85,3.434,True
NAVINFLUOR.NS,2026-04-20,BTST_1d,EXPIRED_WIN,64,YELLOW_ALERT,0.56,0.85,0.476,True
RBLBANK.NS,2026-04-20,BTST_1d,EXPIRED_WIN,64,YELLOW_ALERT,1.52,0.85,1.292,True
SUNPHARMA.NS,2026-04-20,Swing_10d,LOST,64,YELLOW_ALERT,-1.08,0.85,-0.918,False
BANKINDIA.NS,2026-04-20,Swing_5d,LOST,64,YELLOW_ALERT,-0.03,0.85,-0.0255,False
BHEL.NS,2026-04-20,Swing_5d,LOST,64,YELLOW_ALERT,-1.8,0.85,-1.53,False
BHEL.NS,2026-04-20,Swing_10d,LOST,64,YELLOW_ALERT,-1.8,0.85,-1.53,False
KALYANKJIL.NS,2026-04-20,Swing_3d,LOST,64,YELLOW_ALERT,-1.26,0.85,-1.071,False
KALYANKJIL.NS,2026-04-20,Swing_10d,LOST,64,YELLOW_ALERT,-1.8,0.85,-1.53,False
MFSL.NS,2026-04-20,Swing_3d,LOST,64,YELLOW_ALERT,-1.26,0.85,-1.071,False
MFSL.NS,2026-04-20,Swing_10d,LOST,64,YELLOW_ALERT,-1.08,0.85,-0.918,False
RAIN.NS,2026-04-20,Swing_3d,LOST,64,YELLOW_ALERT,-2.1,0.85,-1.785,False
RAIN.NS,2026-04-20,Swing_5d,LOST,64,YELLOW_ALERT,-3.0,0.85,-2.55,False
RAIN.NS,2026-04-20,Swing_10d,LOST,64,YELLOW_ALERT,-3.0,0.85,-2.55,False
RBLBANK.NS,2026-04-20,Swing_5d,LOST,64,YELLOW_ALERT,-1.73,0.85,-1.4705,False
GODREJPROP.NS,2026-04-20,BTST_1d,WON,64,YELLOW_ALERT,3.75,0.85,3.1875,True
GODREJPROP.NS,2026-04-20,Swing_10d,WON,64,YELLOW_ALERT,10.0,0.85,8.5,True
TATACONSUM.NS,2026-04-16,Swing_3d,EXPIRED_WIN,33,GREEN,2.76,1.0,2.76,True
BEL.NS,2026-04-16,BTST_1d,EXPIRED_WIN,33,GREEN,1.25,1.0,1.25,True
BEL.NS,2026-04-16,Swing_3d,EXPIRED_WIN,33,GREEN,0.22,1.0,0.22,True
RECLTD.NS,2026-04-16,BTST_1d,EXPIRED_WIN,33,GREEN,0.85,1.0,0.85,True
RECLTD.NS,2026-04-16,Swing_3d,EXPIRED_WIN,33,GREEN,4.4,1.0,4.4,True
RECLTD.NS,2026-04-16,Swing_5d,EXPIRED_WIN,33,GREEN,3.86,1.0,3.86,True
TATACONSUM.NS,2026-04-16,Swing_10d,LOST,33,GREEN,-0.36,1.0,-0.36,False
BEL.NS,2026-04-16,Swing_5d,LOST,33,GREEN,-1.08,1.0,-1.08,False
RAJESHEXPO.NS,2026-04-16,BTST_1d,LOST,33,GREEN,-2.5,1.0,-2.5,False
RAJESHEXPO.NS,2026-04-16,Swing_3d,LOST,33,GREEN,-2.1,1.0,-2.1,False
RAJESHEXPO.NS,2026-04-16,Swing_5d,LOST,33,GREEN,-3.0,1.0,-3.0,False
RAJESHEXPO.NS,2026-04-16,Swing_10d,LOST,33,GREEN,-3.0,1.0,-3.0,False
JKCEMENT.NS,2026-04-16,Swing_3d,WON,33,GREEN,6.3,1.0,6.3,True
JKCEMENT.NS,2026-04-16,Swing_10d,WON,33,GREEN,10.0,1.0,10.0,True
SUMICHEM.NS,2026-04-13,Swing_3d,EXPIRED_WIN,25,GREEN,2.58,1.0,2.58,True
SUMICHEM.NS,2026-04-13,Swing_5d,EXPIRED_WIN,25,GREEN,4.58,1.0,4.58,True
SUMICHEM.NS,2026-04-13,Swing_10d,EXPIRED_WIN,25,GREEN,4.45,1.0,4.45,True
UBL.NS,2026-04-13,BTST_1d,EXPIRED_WIN,25,GREEN,1.02,1.0,1.02,True
VEDL.NS,2026-04-13,Swing_5d,EXPIRED_WIN,25,GREEN,3.57,1.0,3.57,True
IPCALAB.NS,2026-04-13,Swing_5d,LOST,25,GREEN,-0.65,1.0,-0.65,False
UBL.NS,2026-04-13,Swing_3d,LOST,25,GREEN,-0.45,1.0,-0.45,False
UBL.NS,2026-04-13,Swing_5d,LOST,25,GREEN,-0.39,1.0,-0.39,False
UBL.NS,2026-04-13,Swing_10d,LOST,25,GREEN,-0.39,1.0,-0.39,False
IRFC.NS,2026-04-10,Swing_5d,LOST,69,YELLOW_ALERT,-3.0,0.85,-2.55,False
DEVYANI.NS,2026-03-30,BTST_1d,EXPIRED_LOSS,62,YELLOW_ALERT,-0.46,0.85,-0.391,False
GILLETTE.NS,2026-03-30,BTST_1d,EXPIRED_LOSS,62,YELLOW_ALERT,-0.09,0.85,-0.0765,False
TRIDENT.NS,2026-03-30,BTST_1d,EXPIRED_LOSS,62,YELLOW_ALERT,-0.79,0.85,-0.6715,False
OBEROIRLTY.NS,2026-03-30,BTST_1d,EXPIRED_WIN,62,YELLOW_ALERT,0.12,0.85,0.102,True
GILLETTE.NS,2026-03-30,Swing_3d,EXPIRED_WIN,62,YELLOW_ALERT,3.13,0.85,2.6605,True
ZEEL.NS,2026-03-30,Swing_5d,EXPIRED_WIN,62,YELLOW_ALERT,6.71,0.85,5.7035,True
LICI.NS,2026-03-30,Swing_5d,LOST,62,YELLOW_ALERT,-0.37,0.85,-0.3145,False
BALKRISIND.NS,2026-03-30,Swing_3d,LOST,62,YELLOW_ALERT,-0.76,0.85,-0.646,False
UNITDSPR.NS,2026-03-30,Swing_3d,LOST,62,YELLOW_ALERT,-0.76,0.85,-0.646,False
VOLTAS.NS,2026-03-30,Swing_5d,LOST,62,YELLOW_ALERT,-1.08,0.85,-0.918,False
ZYDUSLIFE.NS,2026-03-30,Swing_5d,LOST,62,YELLOW_ALERT,-0.87,0.85,-0.7395,False
OBEROIRLTY.NS,2026-03-30,Swing_3d,WON,62,YELLOW_ALERT,6.3,0.85,5.355,True
OBEROIRLTY.NS,2026-03-30,Swing_5d,WON,62,YELLOW_ALERT,10.0,0.85,8.5,True
ANGELONE.NS,2026-03-30,Swing_5d,WON,62,YELLOW_ALERT,10.0,0.85,8.5,True
TATATECH.NS,2026-03-30,Swing_5d,WON,62,YELLOW_ALERT,10.0,0.85,8.5,True
TRIDENT.NS,2026-03-30,Swing_3d,WON,62,YELLOW_ALERT,6.3,0.85,5.355,True
SUNPHARMA.NS,2026-03-24,BTST_1d,EXPIRED_WIN,37,GREEN,2.36,1.0,2.36,True
ADANIENT.NS,2026-03-24,Swing_3d,EXPIRED_WIN,37,GREEN,1.86,1.0,1.86,True
KIMS.NS,2026-03-24,BTST_1d,EXPIRED_WIN,37,GREEN,1.07,1.0,1.07,True
KIMS.NS,2026-03-24,Swing_3d,EXPIRED_WIN,37,GREEN,0.94,1.0,0.94,True
ADANIENT.NS,2026-03-24,BTST_1d,WON,37,GREEN,3.75,1.0,3.75,True
HINDUNILVR.NS,2026-03-23,BTST_1d,EXPIRED_WIN,41,YELLOW_ALERT,1.45,0.85,1.2325,True
TATACONSUM.NS,2026-03-23,BTST_1d,EXPIRED_WIN,41,YELLOW_ALERT,1.5,0.85,1.275,True
KPITTECH.NS,2026-03-23,BTST_1d,WON,41,YELLOW_ALERT,3.75,0.85,3.1875,True
JIOFIN.NS,2026-02-26,BTST_1d,EXPIRED_LOSS,60,YELLOW_ALERT,-0.99,0.85,-0.8415,False
PIDILITIND.NS,2026-02-26,BTST_1d,EXPIRED_LOSS,60,YELLOW_ALERT,-0.43,0.85,-0.3655,False
BANKINDIA.NS,2026-02-26,BTST_1d,EXPIRED_LOSS,60,YELLOW_ALERT,-0.53,0.85,-0.4505,False
BATAINDIA.NS,2026-02-26,BTST_1d,EXPIRED_LOSS,60,YELLOW_ALERT,-2.04,0.85,-1.734,False
GILLETTE.NS,2026-02-26,BTST_1d,EXPIRED_LOSS,60,YELLOW_ALERT,-0.95,0.85,-0.8075,False
JSWENERGY.NS,2026-02-26,BTST_1d,EXPIRED_LOSS,60,YELLOW_ALERT,-1.41,0.85,-1.1985,False
PGHH.NS,2026-02-26,BTST_1d,EXPIRED_LOSS,60,YELLOW_ALERT,-0.86,0.85,-0.731,False
INTELLECT.NS,2026-02-26,BTST_1d,EXPIRED_WIN,60,YELLOW_ALERT,1.08,0.85,0.918,True
METROBRAND.NS,2026-02-26,BTST_1d,EXPIRED_WIN,60,YELLOW_ALERT,1.7,0.85,1.445,True
TATATECH.NS,2026-02-26,BTST_1d,EXPIRED_WIN,60,YELLOW_ALERT,0.12,0.85,0.102,True
UPL.NS,2026-02-26,BTST_1d,EXPIRED_WIN,60,YELLOW_ALERT,1.66,0.85,1.411,True
VOLTAS.NS,2026-02-26,BTST_1d,EXPIRED_WIN,60,YELLOW_ALERT,1.7,0.85,1.445,True
BAJFINANCE.NS,2026-02-26,BTST_1d,LOST,60,YELLOW_ALERT,-2.18,0.85,-1.853,False
BAJFINANCE.NS,2026-02-26,Swing_3d,LOST,60,YELLOW_ALERT,-2.49,0.85,-2.1165,False
AMBUJACEM.NS,2026-02-26,BTST_1d,LOST,60,YELLOW_ALERT,-2.16,0.85,-1.836,False
AMBUJACEM.NS,2026-02-26,Swing_3d,LOST,60,YELLOW_ALERT,-2.47,0.85,-2.0995,False
IRCTC.NS,2026-02-26,BTST_1d,LOST,60,YELLOW_ALERT,-2.5,0.85,-2.125,False
IRCTC.NS,2026-02-26,Swing_3d,LOST,60,YELLOW_ALERT,-3.1,0.85,-2.635,False
IRCTC.NS,2026-02-26,Swing_5d,LOST,60,YELLOW_ALERT,-3.87,0.85,-3.2895,False
IRCTC.NS,2026-02-26,Swing_10d,LOST,60,YELLOW_ALERT,-4.65,0.85,-3.9525,False
LICI.NS,2026-02-26,BTST_1d,LOST,60,YELLOW_ALERT,-2.01,0.85,-1.7085,False
LICI.NS,2026-02-26,Swing_3d,LOST,60,YELLOW_ALERT,-2.29,0.85,-1.9465,False
LICI.NS,2026-02-26,Swing_5d,LOST,60,YELLOW_ALERT,-2.86,0.85,-2.431,False
LICI.NS,2026-02-26,Swing_10d,LOST,60,YELLOW_ALERT,-3.44,0.85,-2.924,False
JUBLFOOD.NS,2026-02-26,BTST_1d,LOST,60,YELLOW_ALERT,-2.5,0.85,-2.125,False
ABFRL.NS,2026-02-26,BTST_1d,LOST,60,YELLOW_ALERT,-2.5,0.85,-2.125,False
ABFRL.NS,2026-02-26,Swing_3d,LOST,60,YELLOW_ALERT,-3.5,0.85,-2.975,False
EMAMILTD.NS,2026-02-26,BTST_1d,LOST,60,YELLOW_ALERT,-2.15,0.85,-1.8275,False
EMAMILTD.NS,2026-02-26,Swing_3d,LOST,60,YELLOW_ALERT,-2.46,0.85,-2.091,False
EMAMILTD.NS,2026-02-26,Swing_5d,LOST,60,YELLOW_ALERT,-3.07,0.85,-2.6095,False
MARICO.NS,2026-02-26,BTST_1d,LOST,60,YELLOW_ALERT,-1.76,0.85,-1.496,False
MARICO.NS,2026-02-26,Swing_3d,LOST,60,YELLOW_ALERT,-2.01,0.85,-1.7085,False
MARICO.NS,2026-02-26,Swing_5d,LOST,60,YELLOW_ALERT,-2.51,0.85,-2.1335,False
SYNGENE.NS,2026-02-26,BTST_1d,LOST,60,YELLOW_ALERT,-2.5,0.85,-2.125,False
SYNGENE.NS,2026-02-26,Swing_3d,LOST,60,YELLOW_ALERT,-3.11,0.85,-2.6435,False
SYNGENE.NS,2026-02-26,Swing_5d,LOST,60,YELLOW_ALERT,-3.88,0.85,-3.298,False
TATAELXSI.NS,2026-02-26,BTST_1d,LOST,60,YELLOW_ALERT,-2.5,0.85,-2.125,False
TATAELXSI.NS,2026-02-26,Swing_3d,LOST,60,YELLOW_ALERT,-3.5,0.85,-2.975,False
YESBANK.NS,2026-02-26,BTST_1d,LOST,60,YELLOW_ALERT,-1.71,0.85,-1.4535,False
YESBANK.NS,2026-02-26,Swing_3d,LOST,60,YELLOW_ALERT,-1.94,0.85,-1.649,False
BOSCHLTD.NS,2026-02-25,BTST_1d,EXPIRED_LOSS,74,RED_ALERT,-0.86,0.7,-0.602,False
INDIGO.NS,2026-02-25,BTST_1d,EXPIRED_LOSS,74,RED_ALERT,-0.44,0.7,-0.308,False
COFORGE.NS,2026-02-25,BTST_1d,EXPIRED_LOSS,74,RED_ALERT,-0.55,0.7,-0.385,False
COROMANDEL.NS,2026-02-25,BTST_1d,EXPIRED_LOSS,74,RED_ALERT,-0.13,0.7,-0.091,False
CROMPTON.NS,2026-02-25,BTST_1d,EXPIRED_LOSS,74,RED_ALERT,-0.59,0.7,-0.413,False
CUB.NS,2026-02-25,BTST_1d,EXPIRED_LOSS,74,RED_ALERT,-0.6,0.7,-0.42,False
WHIRLPOOL.NS,2026-02-25,BTST_1d,EXPIRED_LOSS,74,RED_ALERT,-0.14,0.7,-0.098,False
SUNTECK.NS,2026-02-25,BTST_1d,EXPIRED_LOSS,74,RED_ALERT,-0.27,0.7,-0.189,False
TCS.NS,2026-02-25,BTST_1d,EXPIRED_WIN,74,RED_ALERT,0.37,0.7,0.259,True
HCLTECH.NS,2026-02-25,BTST_1d,EXPIRED_WIN,74,RED_ALERT,0.79,0.7,0.553,True
HDFCLIFE.NS,2026-02-25,BTST_1d,EXPIRED_WIN,74,RED_ALERT,0.49,0.7,0.343,True
LUPIN.NS,2026-02-25,BTST_1d,EXPIRED_WIN,74,RED_ALERT,1.75,0.7,1.225,True
MAXHEALTH.NS,2026-02-25,BTST_1d,EXPIRED_WIN,74,RED_ALERT,1.52,0.7,1.064,True
NAUKRI.NS,2026-02-25,BTST_1d,EXPIRED_WIN,74,RED_ALERT,0.95,0.7,0.665,True
PIDILITIND.NS,2026-02-25,BTST_1d,EXPIRED_WIN,74,RED_ALERT,0.1,0.7,0.07,True
SRF.NS,2026-02-25,BTST_1d,EXPIRED_WIN,74,RED_ALERT,1.32,0.7,0.924,True
CESC.NS,2026-02-25,BTST_1d,EXPIRED_WIN,74,RED_ALERT,0.64,0.7,0.448,True
IIFL.NS,2026-02-25,BTST_1d,EXPIRED_WIN,74,RED_ALERT,0.74,0.7,0.518,True
KPITTECH.NS,2026-02-25,BTST_1d,EXPIRED_WIN,74,RED_ALERT,0.8,0.7,0.56,True
MPHASIS.NS,2026-02-25,BTST_1d,EXPIRED_WIN,74,RED_ALERT,0.92,0.7,0.644,True
PERSISTENT.NS,2026-02-25,BTST_1d,EXPIRED_WIN,74,RED_ALERT,1.51,0.7,1.057,True
RAIN.NS,2026-02-25,BTST_1d,EXPIRED_WIN,74,RED_ALERT,2.93,0.7,2.051,True
STARHEALTH.NS,2026-02-25,BTST_1d,EXPIRED_WIN,74,RED_ALERT,1.58,0.7,1.106,True
TATACHEM.NS,2026-02-25,BTST_1d,EXPIRED_WIN,74,RED_ALERT,1.15,0.7,0.805,True
TATAELXSI.NS,2026-02-25,BTST_1d,EXPIRED_WIN,74,RED_ALERT,0.86,0.7,0.602,True
TATATECH.NS,2026-02-25,BTST_1d,EXPIRED_WIN,74,RED_ALERT,0.77,0.7,0.539,True
UPL.NS,2026-02-25,BTST_1d,EXPIRED_WIN,74,RED_ALERT,0.85,0.7,0.595,True
CDSL.NS,2026-02-25,BTST_1d,LOST,74,RED_ALERT,-2.5,0.7,-1.75,False
CDSL.NS,2026-02-25,Swing_3d,LOST,74,RED_ALERT,-3.5,0.7,-2.45,False
CDSL.NS,2026-02-25,Swing_10d,LOST,74,RED_ALERT,-5.0,0.7,-3.5,False
COFORGE.NS,2026-02-25,Swing_3d,LOST,74,RED_ALERT,-3.5,0.7,-2.45,False
COROMANDEL.NS,2026-02-25,Swing_3d,LOST,74,RED_ALERT,-2.88,0.7,-2.016,False
COROMANDEL.NS,2026-02-25,Swing_5d,LOST,74,RED_ALERT,-3.6,0.7,-2.52,False
CROMPTON.NS,2026-02-25,Swing_3d,LOST,74,RED_ALERT,-3.5,0.7,-2.45,False
CUB.NS,2026-02-25,Swing_3d,LOST,74,RED_ALERT,-3.5,0.7,-2.45,False
ALKEM.NS,2026-02-25,BTST_1d,WON,74,RED_ALERT,3.75,0.7,2.625,True
TATACONSUM.NS,2026-02-24,BTST_1d,EXPIRED_LOSS,65,YELLOW_ALERT,-0.66,0.85,-0.561,False
HINDUNILVR.NS,2026-02-24,BTST_1d,EXPIRED_WIN,65,YELLOW_ALERT,0.65,0.85,0.5525,True
NESTLEIND.NS,2026-02-24,BTST_1d,EXPIRED_WIN,65,YELLOW_ALERT,0.17,0.85,0.1445,True
JSWSTEEL.NS,2026-02-24,BTST_1d,EXPIRED_WIN,65,YELLOW_ALERT,1.52,0.85,1.292,True
TATACONSUM.NS,2026-02-24,Swing_3d,LOST,65,YELLOW_ALERT,-2.05,0.85,-1.7425,False
PERSISTENT.NS,2026-02-24,BTST_1d,WON,65,YELLOW_ALERT,3.75,0.85,3.1875,True
