ticker,entry_date,horizon,short_return_pct,is_win,hit_tp,hit_sl,hit_profit_exit,atr_pct
ADANIENT.NS,2026-06-16,BTST_1d,1.41,True,False,False,False,2.0
ASIANPAINT.NS,2026-06-16,BTST_1d,1.15,True,False,False,False,2.0
GRASIM.NS,2026-06-16,BTST_1d,1.44,True,False,False,False,2.0
TATACONSUM.NS,2026-06-16,BTST_1d,0.91,True,False,False,False,2.0
ADANIGREEN.NS,2026-06-16,BTST_1d,1.5,True,False,False,True,2.0
BERGEPAINT.NS,2026-06-16,BTST_1d,0.79,True,False,False,False,2.0
BIOCON.NS,2026-06-16,BTST_1d,1.5,True,False,False,True,2.0
COLPAL.NS,2026-06-16,BTST_1d,1.5,True,False,False,True,2.0
CESC.NS,2026-06-16,BTST_1d,1.35,True,False,False,False,2.0
GRANULES.NS,2026-06-16,BTST_1d,1.11,True,False,False,False,2.0
MARICO.NS,2026-06-16,BTST_1d,1.5,True,False,False,True,2.0
ZEEL.NS,2026-06-16,BTST_1d,0.5,True,False,False,False,2.0
ADANIPOWER.NS,2026-06-16,BTST_1d,1.49,True,False,False,False,2.0
OFSS.NS,2026-06-16,BTST_1d,0.4,True,False,False,False,2.0
BHEL.NS,2026-06-16,BTST_1d,0.03,True,False,False,False,2.0
SUPREMEIND.NS,2026-06-16,BTST_1d,1.5,True,False,False,True,2.0
ICICIBANK.NS,2026-06-16,BTST_1d,-0.3,False,False,False,False,2.0
TATASTEEL.NS,2026-06-16,BTST_1d,-1.13,False,False,False,False,2.0
IOC.NS,2026-06-16,BTST_1d,-0.75,False,False,False,False,2.0
PNB.NS,2026-06-16,BTST_1d,-0.65,False,False,False,False,2.0
CANFINHOME.NS,2026-06-16,BTST_1d,-0.21,False,False,False,False,2.0
SUNDRMFAST.NS,2026-06-16,BTST_1d,-0.23,False,False,False,False,2.0
VEDL.NS,2026-06-16,BTST_1d,-1.62,False,False,False,False,2.0
WIPRO.NS,2026-06-16,BTST_1d,-1.37,False,False,False,False,2.0
HINDALCO.NS,2026-06-16,BTST_1d,-1.55,False,False,False,False,2.0
BAJAJ-AUTO.NS,2026-06-16,BTST_1d,-0.52,False,False,False,False,2.0
PFC.NS,2026-06-16,BTST_1d,-0.72,False,False,False,False,2.0
HONAUT.NS,2026-06-16,BTST_1d,-0.89,False,False,False,False,2.0
KIMS.NS,2026-06-16,BTST_1d,-2.2,False,False,True,False,2.0
SHREECEM.NS,2026-06-16,BTST_1d,-0.16,False,False,False,False,2.0
TATACHEM.NS,2026-06-16,BTST_1d,-0.46,False,False,False,False,2.0
HINDPETRO.NS,2026-06-16,BTST_1d,-0.55,False,False,False,False,2.0
CIPLA.NS,2026-06-16,BTST_1d,1.5,True,False,False,True,2.0
FACT.NS,2026-06-16,BTST_1d,-2.2,False,False,True,False,2.0
TIMKEN.NS,2026-06-16,BTST_1d,-2.2,False,False,True,False,2.0
POLYCAB.NS,2026-06-16,BTST_1d,-2.2,False,False,True,False,2.0
BHEL.NS,2026-06-15,BTST_1d,0.08,True,False,False,False,2.0
CROMPTON.NS,2026-06-15,BTST_1d,0.21,True,False,False,False,2.0
WHIRLPOOL.NS,2026-06-15,BTST_1d,0.18,True,False,False,False,2.0
HAL.NS,2026-06-15,BTST_1d,1.21,True,False,False,False,2.0
TITAN.NS,2026-06-15,BTST_1d,-0.61,False,False,False,False,2.0
ADANIENT.NS,2026-06-15,BTST_1d,-0.81,False,False,False,False,2.0
TATACONSUM.NS,2026-06-15,BTST_1d,-2.2,False,False,True,False,2.0
TRENT.NS,2026-06-15,BTST_1d,-0.25,False,False,False,False,2.0
ABB.NS,2026-06-15,BTST_1d,-1.31,False,False,False,False,2.0
COFORGE.NS,2026-06-15,BTST_1d,-2.2,False,False,True,False,2.0
MANAPPURAM.NS,2026-06-15,BTST_1d,-0.35,False,False,False,False,2.0
MARICO.NS,2026-06-15,BTST_1d,-0.73,False,False,False,False,2.0
MARICO.NS,2026-06-15,Swing_3d,-0.623,False,False,False,False,2.0
PHOENIXLTD.NS,2026-06-15,BTST_1d,-1.51,False,False,False,False,2.0
COALINDIA.NS,2026-06-15,BTST_1d,-0.86,False,False,False,False,2.0
SIEMENS.NS,2026-06-15,BTST_1d,-0.58,False,False,False,False,2.0
TATAPOWER.NS,2026-06-15,BTST_1d,-0.35,False,False,False,False,2.0
MARICO.NS,2026-06-15,Swing_5d,0.3872,True,False,False,False,2.0
KIMS.NS,2026-06-12,BTST_1d,0.39,True,False,False,False,2.0
ASIANPAINT.NS,2026-06-12,Swing_3d,-0.1505,False,False,False,False,2.0
COALINDIA.NS,2026-06-12,BTST_1d,-0.4,False,False,False,False,2.0
SRF.NS,2026-06-12,BTST_1d,-1.26,False,False,False,False,2.0
CUB.NS,2026-06-12,BTST_1d,-1.44,False,False,False,False,2.0
LICHSGFIN.NS,2026-06-12,BTST_1d,-2.2,False,False,True,False,2.0
TATATECH.NS,2026-06-12,BTST_1d,-2.2,False,False,True,False,2.0
TORNTPOWER.NS,2026-06-12,BTST_1d,-0.81,False,False,False,False,2.0
LT.NS,2026-06-12,BTST_1d,-2.2,False,False,True,False,2.0
ASIANPAINT.NS,2026-06-12,BTST_1d,-2.2,False,False,True,False,2.0
GAIL.NS,2026-06-12,BTST_1d,-2.2,False,False,True,False,2.0
ABCAPITAL.NS,2026-06-12,BTST_1d,-2.2,False,False,True,False,2.0
BSE.NS,2026-06-12,BTST_1d,-2.2,False,False,True,False,2.0
DALBHARAT.NS,2026-06-12,BTST_1d,-2.2,False,False,True,False,2.0
GLAXO.NS,2026-06-12,BTST_1d,-2.2,False,False,True,False,2.0
SUMICHEM.NS,2026-06-12,BTST_1d,-2.2,False,False,True,False,2.0
SYNGENE.NS,2026-06-11,BTST_1d,1.12,True,False,False,False,2.0
BEL.NS,2026-06-11,BTST_1d,-0.79,False,False,False,False,2.0
ICICIPRULI.NS,2026-06-11,BTST_1d,-0.73,False,False,False,False,2.0
LUPIN.NS,2026-06-11,BTST_1d,-0.57,False,False,False,False,2.0
TORNTPOWER.NS,2026-06-11,BTST_1d,-0.06,False,False,False,False,2.0
IDFCFIRSTB.NS,2026-06-11,BTST_1d,-2.2,False,False,True,False,2.0
JIOFIN.NS,2026-06-11,Swing_5d,-1.441,False,False,False,False,2.0
RECLTD.NS,2026-06-11,Swing_5d,-1.5268,False,False,False,False,2.0
CHOLAFIN.NS,2026-06-11,Swing_5d,-2.2,False,False,True,False,2.0
HDFCBANK.NS,2026-06-10,BTST_1d,-0.13,False,False,False,False,2.0
RAMCOCEM.NS,2026-06-10,BTST_1d,-0.57,False,False,False,False,2.0
AJANTPHARM.NS,2026-06-10,BTST_1d,-0.91,False,False,False,False,2.0
SBICARD.NS,2026-06-10,BTST_1d,1.5,True,False,False,True,2.0
CGPOWER.NS,2026-06-10,BTST_1d,1.5,True,False,False,True,2.0
TCS.NS,2026-06-09,BTST_1d,-0.65,False,False,False,False,2.0
GRASIM.NS,2026-06-09,BTST_1d,-0.77,False,False,False,False,2.0
SUNDARMFIN.NS,2026-06-09,BTST_1d,-2.2,False,False,True,False,2.0
WHIRLPOOL.NS,2026-06-09,BTST_1d,-1.21,False,False,False,False,2.0
PGHH.NS,2026-06-09,BTST_1d,-0.27,False,False,False,False,2.0
ADANIGREEN.NS,2026-06-09,BTST_1d,1.5,True,False,False,True,2.0
BAJFINANCE.NS,2026-06-04,BTST_1d,-2.2,False,False,True,False,2.0
TATATECH.NS,2026-06-04,BTST_1d,-2.2,False,False,True,False,2.0
HINDUNILVR.NS,2026-06-03,BTST_1d,-1.02,False,False,False,False,2.0
HINDUNILVR.NS,2026-06-03,Swing_3d,-0.546,False,False,False,False,2.0
NTPC.NS,2026-06-03,BTST_1d,-0.3,False,False,False,False,2.0
PGHH.NS,2026-06-03,BTST_1d,-0.8,False,False,False,False,2.0
BHARATFORG.NS,2026-06-03,BTST_1d,-2.2,False,False,True,False,2.0
NMDC.NS,2026-06-02,BTST_1d,-0.91,False,False,False,False,2.0
TITAN.NS,2026-05-22,BTST_1d,-1.72,False,False,False,False,2.0
SBILIFE.NS,2026-05-22,BTST_1d,-0.93,False,False,False,False,2.0
ASTRAL.NS,2026-05-22,BTST_1d,-0.92,False,False,False,False,2.0
MARICO.NS,2026-05-22,BTST_1d,1.46,True,False,False,False,2.0
ALKEM.NS,2026-05-21,BTST_1d,1.05,True,False,False,False,2.0
METROBRAND.NS,2026-05-21,BTST_1d,1.2,True,False,False,False,2.0
SCHAEFFLER.NS,2026-05-21,BTST_1d,1.09,True,False,False,False,2.0
ADANIENT.NS,2026-05-21,BTST_1d,-1.23,False,False,False,False,2.0
INDIGO.NS,2026-05-21,BTST_1d,-0.19,False,False,False,False,2.0
DALBHARAT.NS,2026-05-21,BTST_1d,-2.2,False,False,True,False,2.0
BAJFINANCE.NS,2026-05-20,BTST_1d,0.19,True,False,False,False,2.0
DABUR.NS,2026-05-20,BTST_1d,1.12,True,False,False,False,2.0
SHREECEM.NS,2026-05-20,BTST_1d,0.06,True,False,False,False,2.0
EICHERMOT.NS,2026-05-20,BTST_1d,-0.06,False,False,False,False,2.0
CHOLAFIN.NS,2026-05-20,BTST_1d,-0.01,False,False,False,False,2.0
INDIGO.NS,2026-05-20,BTST_1d,-2.2,False,False,True,False,2.0
MAXHEALTH.NS,2026-05-20,BTST_1d,-2.2,False,False,True,False,2.0
PIDILITIND.NS,2026-05-20,BTST_1d,-0.98,False,False,False,False,2.0
POLYCAB.NS,2026-05-20,BTST_1d,-0.2,False,False,False,False,2.0
CGPOWER.NS,2026-05-20,BTST_1d,-1.08,False,False,False,False,2.0
DEEPAKNTR.NS,2026-05-20,BTST_1d,-0.06,False,False,False,False,2.0
GMRAIRPORT.NS,2026-05-20,BTST_1d,-0.38,False,False,False,False,2.0
KIMS.NS,2026-05-20,BTST_1d,-1.28,False,False,False,False,2.0
SHREECEM.NS,2026-05-20,Swing_3d,-1.176,False,False,False,False,2.0
TATACHEM.NS,2026-05-20,BTST_1d,-1.27,False,False,False,False,2.0
UNIONBANK.NS,2026-05-20,BTST_1d,-1.56,False,False,False,False,2.0
LT.NS,2026-05-20,Swing_3d,0.3045,True,False,False,False,2.0
BAJFINANCE.NS,2026-05-20,Swing_3d,0.735,True,False,False,False,2.0
CHOLAFIN.NS,2026-05-20,Swing_3d,0.266,True,False,False,False,2.0
GODREJCP.NS,2026-05-20,Swing_5d,0.2068,True,False,False,False,2.0
JINDALSTEL.NS,2026-05-20,Swing_3d,0.609,True,False,False,False,2.0
CROMPTON.NS,2026-05-20,Swing_5d,0.0506,True,False,False,False,2.0
EICHERMOT.NS,2026-05-20,Swing_3d,-2.2,False,False,True,False,2.0
TATACHEM.NS,2026-05-20,Swing_3d,-2.2,False,False,True,False,2.0
TATACHEM.NS,2026-05-20,Swing_5d,-2.2,False,False,True,False,2.0
UNIONBANK.NS,2026-05-20,Swing_3d,-1.729,False,False,False,False,2.0
ICICIBANK.NS,2026-05-14,BTST_1d,0.38,True,False,False,False,2.0
HEROMOTOCO.NS,2026-05-14,Swing_3d,0.462,True,False,False,False,2.0
PNB.NS,2026-05-14,BTST_1d,0.77,True,False,False,False,2.0
HDFCLIFE.NS,2026-05-14,BTST_1d,-0.65,False,False,False,False,2.0
BAJAJHLDNG.NS,2026-05-14,BTST_1d,-0.41,False,False,False,False,2.0
COLPAL.NS,2026-05-14,BTST_1d,-0.48,False,False,False,False,2.0
CUMMINSIND.NS,2026-05-14,BTST_1d,-0.67,False,False,False,False,2.0
HONAUT.NS,2026-05-14,BTST_1d,-2.2,False,False,True,False,2.0
LALPATHLAB.NS,2026-05-14,BTST_1d,-2.2,False,False,True,False,2.0
NAM-INDIA.NS,2026-05-14,BTST_1d,-0.96,False,False,False,False,2.0
HEROMOTOCO.NS,2026-05-14,Swing_5d,0.396,True,False,False,False,2.0
ABB.NS,2026-05-14,Swing_3d,0.441,True,False,False,False,2.0
COLPAL.NS,2026-05-14,Swing_5d,0.2552,True,False,False,False,2.0
APLLTD.NS,2026-05-14,BTST_1d,1.5,True,False,False,True,2.0
PRESTIGE.NS,2026-05-14,BTST_1d,1.5,True,False,False,True,2.0
AJANTPHARM.NS,2026-05-14,BTST_1d,1.5,True,False,False,True,2.0
NAM-INDIA.NS,2026-05-14,Swing_5d,0.2376,True,False,False,False,2.0
UNITDSPR.NS,2026-05-14,BTST_1d,-2.2,False,False,True,False,2.0
BAJFINANCE.NS,2026-05-12,BTST_1d,1.5,True,False,False,True,2.0
TRENT.NS,2026-05-12,BTST_1d,0.73,True,False,False,False,2.0
DLF.NS,2026-05-12,BTST_1d,0.65,True,False,False,False,2.0
IOC.NS,2026-05-12,Swing_3d,0.308,True,False,False,False,2.0
IRFC.NS,2026-05-12,BTST_1d,0.4,True,False,False,False,2.0
FACT.NS,2026-05-12,BTST_1d,0.79,True,False,False,False,2.0
TRIDENT.NS,2026-05-12,BTST_1d,1.41,True,False,False,False,2.0
ESCORTS.NS,2026-05-12,Swing_3d,-0.777,False,False,False,False,2.0
MUTHOOTFIN.NS,2026-05-12,BTST_1d,-0.85,False,False,False,False,2.0
OIL.NS,2026-05-12,BTST_1d,-0.43,False,False,False,False,2.0
SUNDRMFAST.NS,2026-05-12,BTST_1d,-2.2,False,False,True,False,2.0
VEDL.NS,2026-05-12,BTST_1d,-2.2,False,False,True,False,2.0
SBIN.NS,2026-05-12,Swing_3d,0.7,True,False,False,False,2.0
BRITANNIA.NS,2026-05-12,Swing_3d,0.3185,True,False,False,False,2.0
HAVELLS.NS,2026-05-12,Swing_3d,0.609,True,False,False,False,2.0
JIOFIN.NS,2026-05-12,BTST_1d,1.5,True,False,False,True,2.0
ASHOKLEY.NS,2026-05-12,Swing_3d,0.735,True,False,False,False,2.0
BATAINDIA.NS,2026-05-12,Swing_3d,0.3045,True,False,False,False,2.0
CDSL.NS,2026-05-12,Swing_3d,0.595,True,False,False,False,2.0
GUJGASLTD.NS,2026-05-12,BTST_1d,1.5,True,False,False,True,2.0
HONAUT.NS,2026-05-12,Swing_3d,0.4305,True,False,False,False,2.0
JUBLFOOD.NS,2026-05-12,Swing_3d,0.7,True,False,False,False,2.0
WHIRLPOOL.NS,2026-05-12,BTST_1d,1.5,True,False,False,True,2.0
3MINDIA.NS,2026-05-12,Swing_3d,0.679,True,False,False,False,2.0
SYNGENE.NS,2026-05-11,Swing_3d,0.3325,True,False,False,False,2.0
POLYCAB.NS,2026-05-11,BTST_1d,-1.07,False,False,False,False,2.0
UNITDSPR.NS,2026-05-05,BTST_1d,1.5,True,False,False,True,2.0
WIPRO.NS,2026-05-05,BTST_1d,-0.18,False,False,False,False,2.0
SBILIFE.NS,2026-05-05,Swing_3d,-0.861,False,False,False,False,2.0
SHRIRAMFIN.NS,2026-05-05,BTST_1d,-2.2,False,False,True,False,2.0
ALKEM.NS,2026-05-05,Swing_5d,-0.803,False,False,False,False,2.0
GLAXO.NS,2026-05-05,BTST_1d,-0.61,False,False,False,False,2.0
IPCALAB.NS,2026-05-05,BTST_1d,-1.31,False,False,False,False,2.0
SBILIFE.NS,2026-05-05,Swing_5d,0.0154,True,False,False,False,2.0
UNITDSPR.NS,2026-04-30,BTST_1d,0.28,True,False,False,False,2.0
AMBUJACEM.NS,2026-04-30,BTST_1d,-0.09,False,False,False,False,2.0
HATSUN.NS,2026-04-30,BTST_1d,-0.5,False,False,False,False,2.0
SHREECEM.NS,2026-04-30,BTST_1d,-2.2,False,False,True,False,2.0
APLAPOLLO.NS,2026-04-30,Swing_3d,0.735,True,False,False,False,2.0
GLAXO.NS,2026-04-30,Swing_3d,0.091,True,False,False,False,2.0
MRF.NS,2026-04-30,Swing_3d,0.56,True,False,False,False,2.0
RAJESHEXPO.NS,2026-04-30,BTST_1d,1.5,True,False,False,True,2.0
SONACOMS.NS,2026-04-30,Swing_5d,0.66,True,False,False,False,2.0
BAJAJ-AUTO.NS,2026-04-30,BTST_1d,-2.2,False,False,True,False,2.0
BAJAJ-AUTO.NS,2026-04-30,Swing_5d,-1.3618,False,False,False,False,2.0
GAIL.NS,2026-04-29,Swing_5d,0.572,True,False,False,False,2.0
BATAINDIA.NS,2026-04-29,Swing_3d,0.42,True,False,False,False,2.0
MARICO.NS,2026-04-29,Swing_3d,0.483,True,False,False,False,2.0
MAZDOCK.NS,2026-04-29,Swing_5d,0.66,True,False,False,False,2.0
MGL.NS,2026-04-29,Swing_5d,0.396,True,False,False,False,2.0
ZYDUSLIFE.NS,2026-04-29,Swing_3d,0.616,True,False,False,False,2.0
POONAWALLA.NS,2026-04-29,Swing_5d,0.2376,True,False,False,False,2.0
ICICIBANK.NS,2026-04-28,BTST_1d,1.22,True,False,False,False,2.0
ASTRAL.NS,2026-04-28,BTST_1d,0.49,True,False,False,False,2.0
BEL.NS,2026-04-28,BTST_1d,-0.29,False,False,False,False,2.0
BALKRISIND.NS,2026-04-28,BTST_1d,-0.7,False,False,False,False,2.0
MANAPPURAM.NS,2026-04-28,BTST_1d,-1.27,False,False,False,False,2.0
MANAPPURAM.NS,2026-04-28,Swing_5d,-1.2914,False,False,False,False,2.0
OIL.NS,2026-04-28,BTST_1d,-0.59,False,False,False,False,2.0
BEL.NS,2026-04-28,Swing_3d,0.6195,True,False,False,False,2.0
HAVELLS.NS,2026-04-28,Swing_3d,0.441,True,False,False,False,2.0
GLAXO.NS,2026-04-28,BTST_1d,1.5,True,False,False,True,2.0
OIL.NS,2026-04-28,Swing_5d,0.506,True,False,False,False,2.0
LT.NS,2026-04-27,BTST_1d,1.0,True,False,False,False,2.0
JSWSTEEL.NS,2026-04-27,BTST_1d,0.98,True,False,False,False,2.0
DIVISLAB.NS,2026-04-27,BTST_1d,0.19,True,False,False,False,2.0
CIPLA.NS,2026-04-27,BTST_1d,1.13,True,False,False,False,2.0
DLF.NS,2026-04-27,BTST_1d,1.5,True,False,False,True,2.0
LUPIN.NS,2026-04-27,BTST_1d,0.94,True,False,False,False,2.0
ASTRAL.NS,2026-04-27,BTST_1d,0.94,True,False,False,False,2.0
BALKRISIND.NS,2026-04-27,BTST_1d,1.34,True,False,False,False,2.0
KIMS.NS,2026-04-27,BTST_1d,1.5,True,False,False,True,2.0
SUPREMEIND.NS,2026-04-27,BTST_1d,1.5,True,False,False,True,2.0
POONAWALLA.NS,2026-04-27,BTST_1d,1.5,True,False,False,True,2.0
AUROPHARMA.NS,2026-04-27,BTST_1d,-0.51,False,False,False,False,2.0
LTIM.NS,2026-04-27,BTST_1d,-1.49,False,False,False,False,2.0
OFSS.NS,2026-04-27,BTST_1d,-2.2,False,False,True,False,2.0
PFC.NS,2026-04-27,BTST_1d,-0.36,False,False,False,False,2.0
BHEL.NS,2026-04-27,BTST_1d,-0.56,False,False,False,False,2.0
DIXON.NS,2026-04-27,Swing_5d,-0.3388,False,False,False,False,2.0
ASIANPAINT.NS,2026-04-27,Swing_3d,0.4305,True,False,False,False,2.0
BAJAJFINSV.NS,2026-04-27,Swing_3d,0.245,True,False,False,False,2.0
CIPLA.NS,2026-04-27,Swing_5d,0.1914,True,False,False,False,2.0
DLF.NS,2026-04-27,Swing_5d,0.396,True,False,False,False,2.0
GAIL.NS,2026-04-27,Swing_5d,0.2376,True,False,False,False,2.0
PFC.NS,2026-04-27,Swing_5d,0.396,True,False,False,False,2.0
SRF.NS,2026-04-27,Swing_5d,0.1936,True,False,False,False,2.0
CYIENT.NS,2026-04-27,Swing_3d,0.735,True,False,False,False,2.0
INDUSTOWER.NS,2026-04-27,Swing_5d,0.1232,True,False,False,False,2.0
KIMS.NS,2026-04-27,Swing_5d,0.396,True,False,False,False,2.0
MRF.NS,2026-04-27,Swing_3d,0.3745,True,False,False,False,2.0
SUPREMEIND.NS,2026-04-27,Swing_5d,0.396,True,False,False,False,2.0
BHEL.NS,2026-04-27,Swing_5d,-2.2,False,False,True,False,2.0
DIXON.NS,2026-04-27,BTST_1d,-2.2,False,False,True,False,2.0
GLENMARK.NS,2026-04-27,BTST_1d,-2.2,False,False,True,False,2.0
HCLTECH.NS,2026-04-24,Swing_3d,0.021,True,False,False,False,2.0
HDFCBANK.NS,2026-04-24,BTST_1d,-0.71,False,False,False,False,2.0
HDFCBANK.NS,2026-04-24,Swing_3d,-0.0035,False,False,False,False,2.0
M&M.NS,2026-04-24,Swing_5d,-0.6314,False,False,False,False,2.0
HEROMOTOCO.NS,2026-04-24,Swing_3d,-0.9765,False,False,False,False,2.0
HDFCLIFE.NS,2026-04-24,Swing_3d,-0.6545,False,False,False,False,2.0
BAJAJ-AUTO.NS,2026-04-24,BTST_1d,-0.98,False,False,False,False,2.0
LICI.NS,2026-04-24,BTST_1d,-1.74,False,False,False,False,2.0
MRF.NS,2026-04-24,BTST_1d,-0.14,False,False,False,False,2.0
TVSMOTOR.NS,2026-04-24,BTST_1d,-0.49,False,False,False,False,2.0
SBILIFE.NS,2026-04-24,Swing_3d,0.266,True,False,False,False,2.0
SBILIFE.NS,2026-04-24,Swing_5d,0.2222,True,False,False,False,2.0
SBICARD.NS,2026-04-24,Swing_5d,0.3498,True,False,False,False,2.0
IIFL.NS,2026-04-24,Swing_3d,0.441,True,False,False,False,2.0
TATAELXSI.NS,2026-04-24,Swing_3d,0.441,True,False,False,False,2.0
COFORGE.NS,2026-04-24,BTST_1d,-2.2,False,False,True,False,2.0
MPHASIS.NS,2026-04-24,BTST_1d,-2.2,False,False,True,False,2.0
RATNAMANI.NS,2026-04-24,BTST_1d,-2.2,False,False,True,False,2.0
POWERGRID.NS,2026-04-23,BTST_1d,1.13,True,False,False,False,2.0
IRFC.NS,2026-04-23,BTST_1d,1.21,True,False,False,False,2.0
IRFC.NS,2026-04-23,Swing_3d,0.28,True,False,False,False,2.0
INDHOTEL.NS,2026-04-23,BTST_1d,0.38,True,False,False,False,2.0
BAJFINANCE.NS,2026-04-23,BTST_1d,-0.49,False,False,False,False,2.0
NESTLEIND.NS,2026-04-23,BTST_1d,-1.35,False,False,False,False,2.0
DIVISLAB.NS,2026-04-23,BTST_1d,-0.1,False,False,False,False,2.0
COLPAL.NS,2026-04-23,Swing_3d,-0.112,False,False,False,False,2.0
AUBANK.NS,2026-04-23,BTST_1d,-0.64,False,False,False,False,2.0
BAJFINANCE.NS,2026-04-23,Swing_3d,0.1575,True,False,False,False,2.0
BAJFINANCE.NS,2026-04-23,Swing_5d,0.0836,True,False,False,False,2.0
BAJFINANCE.NS,2026-04-23,Swing_10d,0.0468,True,False,False,False,2.0
POWERGRID.NS,2026-04-23,Swing_5d,0.2552,True,False,False,False,2.0
BAJAJFINSV.NS,2026-04-23,BTST_1d,0.9,True,False,False,False,2.0
BAJAJFINSV.NS,2026-04-23,Swing_3d,0.2485,True,False,False,False,2.0
BAJAJFINSV.NS,2026-04-23,Swing_5d,0.1958,True,False,False,False,2.0
BAJAJFINSV.NS,2026-04-23,Swing_10d,0.1284,True,False,False,False,2.0
NESTLEIND.NS,2026-04-23,Swing_10d,0.0276,True,False,False,False,2.0
DIVISLAB.NS,2026-04-23,Swing_10d,0.1296,True,False,False,False,2.0
BANKBARODA.NS,2026-04-23,BTST_1d,0.9,True,False,False,False,2.0
BANKBARODA.NS,2026-04-23,Swing_3d,0.4165,True,False,False,False,2.0
BANKBARODA.NS,2026-04-23,Swing_5d,0.3278,True,False,False,False,2.0
BANKBARODA.NS,2026-04-23,Swing_10d,0.2148,True,False,False,False,2.0
IRFC.NS,2026-04-23,Swing_5d,0.3696,True,False,False,False,2.0
IRFC.NS,2026-04-23,Swing_10d,0.2148,True,False,False,False,2.0
AUBANK.NS,2026-04-23,Swing_10d,0.078,True,False,False,False,2.0
IEX.NS,2026-04-23,Swing_5d,0.2376,True,False,False,False,2.0
INDHOTEL.NS,2026-04-23,Swing_3d,0.266,True,False,False,False,2.0
INDHOTEL.NS,2026-04-23,Swing_5d,0.22,True,False,False,False,2.0
INDHOTEL.NS,2026-04-23,Swing_10d,0.1296,True,False,False,False,2.0
POLYMED.NS,2026-04-23,Swing_5d,0.396,True,False,False,False,2.0
TATATECH.NS,2026-04-23,BTST_1d,0.9,True,False,False,False,2.0
TATATECH.NS,2026-04-23,Swing_3d,0.385,True,False,False,False,2.0
TATATECH.NS,2026-04-23,Swing_5d,0.3036,True,False,False,False,2.0
TATATECH.NS,2026-04-23,Swing_10d,0.198,True,False,False,False,2.0
YESBANK.NS,2026-04-23,Swing_3d,0.245,True,False,False,False,2.0
YESBANK.NS,2026-04-23,Swing_5d,0.11,True,False,False,False,2.0
RECLTD.NS,2026-04-22,BTST_1d,1.33,True,False,False,False,2.0
METROBRAND.NS,2026-04-22,BTST_1d,0.26,True,False,False,False,2.0
NTPC.NS,2026-04-22,BTST_1d,1.24,True,False,False,False,2.0
CASTROLIND.NS,2026-04-22,Swing_3d,-0.14,False,False,False,False,2.0
CGPOWER.NS,2026-04-22,BTST_1d,-1.0,False,False,False,False,2.0
NATCOPHARM.NS,2026-04-22,BTST_1d,-0.82,False,False,False,False,2.0
PIIND.NS,2026-04-22,Swing_3d,-0.903,False,False,False,False,2.0
3MINDIA.NS,2026-04-22,BTST_1d,-0.41,False,False,False,False,2.0
ABB.NS,2026-04-22,Swing_5d,0.638,True,False,False,False,2.0
ADANIGREEN.NS,2026-04-22,Swing_5d,0.396,True,False,False,False,2.0
CHOLAFIN.NS,2026-04-22,Swing_3d,0.735,True,False,False,False,2.0
LICI.NS,2026-04-22,Swing_5d,0.3234,True,False,False,False,2.0
RECLTD.NS,2026-04-22,Swing_3d,0.735,True,False,False,False,2.0
RECLTD.NS,2026-04-22,Swing_5d,0.66,True,False,False,False,2.0
APLAPOLLO.NS,2026-04-22,BTST_1d,1.5,True,False,False,True,2.0
CANFINHOME.NS,2026-04-22,Swing_3d,0.735,True,False,False,False,2.0
CANFINHOME.NS,2026-04-22,Swing_5d,0.66,True,False,False,False,2.0
CGPOWER.NS,2026-04-22,Swing_3d,0.266,True,False,False,False,2.0
CGPOWER.NS,2026-04-22,Swing_5d,0.143,True,False,False,False,2.0
GRANULES.NS,2026-04-22,Swing_5d,0.2376,True,False,False,False,2.0
HONAUT.NS,2026-04-22,Swing_3d,0.266,True,False,False,False,2.0
WHIRLPOOL.NS,2026-04-22,Swing_3d,0.1575,True,False,False,False,2.0
WHIRLPOOL.NS,2026-04-22,Swing_5d,0.0858,True,False,False,False,2.0
NTPC.NS,2026-04-22,Swing_3d,0.441,True,False,False,False,2.0
NTPC.NS,2026-04-22,Swing_10d,0.1296,True,False,False,False,2.0
POWERGRID.NS,2026-04-22,Swing_5d,0.1716,True,False,False,False,2.0
POWERGRID.NS,2026-04-22,Swing_10d,0.1116,True,False,False,False,2.0
CHOLAFIN.NS,2026-04-22,Swing_10d,0.216,True,False,False,False,2.0
INDIGO.NS,2026-04-22,Swing_3d,0.735,True,False,False,False,2.0
INDIGO.NS,2026-04-22,Swing_10d,0.36,True,False,False,False,2.0
RECLTD.NS,2026-04-22,Swing_10d,0.36,True,False,False,False,2.0
PAGEIND.NS,2026-04-22,Swing_5d,0.3146,True,False,False,False,2.0
ZEEL.NS,2026-04-22,Swing_5d,0.2376,True,False,False,False,2.0
TATACOMM.NS,2026-04-22,BTST_1d,-2.2,False,False,True,False,2.0
TATACOMM.NS,2026-04-22,Swing_3d,-2.2,False,False,True,False,2.0
DRREDDY.NS,2026-04-22,BTST_1d,-2.2,False,False,True,False,2.0
DRREDDY.NS,2026-04-22,Swing_3d,-2.2,False,False,True,False,2.0
DRREDDY.NS,2026-04-22,Swing_5d,-1.7644,False,False,False,False,2.0
STARHEALTH.NS,2026-04-21,BTST_1d,1.12,True,False,False,False,2.0
TATASTEEL.NS,2026-04-21,BTST_1d,-0.6,False,False,False,False,2.0
INDUSINDBK.NS,2026-04-21,BTST_1d,-0.45,False,False,False,False,2.0
CANBK.NS,2026-04-21,BTST_1d,-1.05,False,False,False,False,2.0
ATUL.NS,2026-04-21,BTST_1d,-0.11,False,False,False,False,2.0
BHARATFORG.NS,2026-04-21,BTST_1d,-0.62,False,False,False,False,2.0
FEDERALBNK.NS,2026-04-21,BTST_1d,-0.54,False,False,False,False,2.0
GLAXO.NS,2026-04-21,Swing_3d,-0.98,False,False,False,False,2.0
GUJGASLTD.NS,2026-04-21,BTST_1d,-0.27,False,False,False,False,2.0
GUJGASLTD.NS,2026-04-21,Swing_3d,-0.7035,False,False,False,False,2.0
GUJGASLTD.NS,2026-04-21,Swing_5d,-0.836,False,False,False,False,2.0
MAZDOCK.NS,2026-04-21,BTST_1d,-1.17,False,False,False,False,2.0
TATACOMM.NS,2026-04-21,BTST_1d,-0.1,False,False,False,False,2.0
UNITDSPR.NS,2026-04-21,BTST_1d,-1.81,False,False,False,False,2.0
HDFCBANK.NS,2026-04-21,BTST_1d,0.9,True,False,False,False,2.0
ICICIBANK.NS,2026-04-21,Swing_3d,0.441,True,False,False,False,2.0
MARUTI.NS,2026-04-21,Swing_5d,0.396,True,False,False,False,2.0
TATASTEEL.NS,2026-04-21,Swing_5d,0.1804,True,False,False,False,2.0
BHARATFORG.NS,2026-04-21,Swing_3d,0.735,True,False,False,False,2.0
BHARATFORG.NS,2026-04-21,Swing_5d,0.66,True,False,False,False,2.0
BHARATFORG.NS,2026-04-21,Swing_10d,0.36,True,False,False,False,2.0
FEDERALBNK.NS,2026-04-21,Swing_5d,0.2222,True,False,False,False,2.0
GUJGASLTD.NS,2026-04-21,Swing_10d,0.0468,True,False,False,False,2.0
INDHOTEL.NS,2026-04-21,Swing_3d,0.266,True,False,False,False,2.0
INDHOTEL.NS,2026-04-21,Swing_5d,0.2376,True,False,False,False,2.0
INDHOTEL.NS,2026-04-21,Swing_10d,0.1296,True,False,False,False,2.0
MPHASIS.NS,2026-04-21,Swing_3d,0.735,True,False,False,False,2.0
NATCOPHARM.NS,2026-04-21,BTST_1d,1.5,True,False,False,True,2.0
NATCOPHARM.NS,2026-04-21,Swing_5d,0.396,True,False,False,False,2.0
NATCOPHARM.NS,2026-04-21,Swing_10d,0.216,True,False,False,False,2.0
RAJESHEXPO.NS,2026-04-21,BTST_1d,1.5,True,False,False,True,2.0
RAJESHEXPO.NS,2026-04-21,Swing_3d,1.225,True,False,False,False,2.0
STARHEALTH.NS,2026-04-21,Swing_3d,0.441,True,False,False,False,2.0
STARHEALTH.NS,2026-04-21,Swing_5d,0.396,True,False,False,False,2.0
STARHEALTH.NS,2026-04-21,Swing_10d,0.216,True,False,False,False,2.0
NAM-INDIA.NS,2026-04-21,Swing_3d,0.266,True,False,False,False,2.0
NAM-INDIA.NS,2026-04-21,Swing_10d,0.1296,True,False,False,False,2.0
RAJESHEXPO.NS,2026-04-21,Swing_10d,-1.2,False,False,False,False,2.0
TATACOMM.NS,2026-04-21,Swing_3d,-2.2,False,False,True,False,2.0
SUNPHARMA.NS,2026-04-20,BTST_1d,0.08,True,False,False,False,2.0
KALYANKJIL.NS,2026-04-20,BTST_1d,0.55,True,False,False,False,2.0
SUNPHARMA.NS,2026-04-20,Swing_3d,-0.4445,False,False,False,False,2.0
BANKINDIA.NS,2026-04-20,BTST_1d,-1.35,False,False,False,False,2.0
BANKINDIA.NS,2026-04-20,Swing_3d,-0.8505,False,False,False,False,2.0
BHEL.NS,2026-04-20,BTST_1d,-0.32,False,False,False,False,2.0
BHEL.NS,2026-04-20,Swing_3d,-0.4235,False,False,False,False,2.0
GODREJPROP.NS,2026-04-20,Swing_3d,-1.2215,False,False,False,False,2.0
GODREJPROP.NS,2026-04-20,Swing_5d,-0.8888,False,False,False,False,2.0
NAVINFLUOR.NS,2026-04-20,BTST_1d,-0.56,False,False,False,False,2.0
RBLBANK.NS,2026-04-20,BTST_1d,-1.52,False,False,False,False,2.0
SUNPHARMA.NS,2026-04-20,Swing_10d,0.1296,True,False,False,False,2.0
BANKINDIA.NS,2026-04-20,Swing_5d,0.0066,True,False,False,False,2.0
BHEL.NS,2026-04-20,Swing_5d,0.396,True,False,False,False,2.0
BHEL.NS,2026-04-20,Swing_10d,0.216,True,False,False,False,2.0
KALYANKJIL.NS,2026-04-20,Swing_3d,0.441,True,False,False,False,2.0
KALYANKJIL.NS,2026-04-20,Swing_10d,0.216,True,False,False,False,2.0
MFSL.NS,2026-04-20,Swing_3d,0.441,True,False,False,False,2.0
MFSL.NS,2026-04-20,Swing_10d,0.1296,True,False,False,False,2.0
RAIN.NS,2026-04-20,Swing_3d,0.735,True,False,False,False,2.0
RAIN.NS,2026-04-20,Swing_5d,0.66,True,False,False,False,2.0
RAIN.NS,2026-04-20,Swing_10d,0.36,True,False,False,False,2.0
RBLBANK.NS,2026-04-20,Swing_5d,0.3806,True,False,False,False,2.0
GODREJPROP.NS,2026-04-20,BTST_1d,-2.2,False,False,True,False,2.0
GODREJPROP.NS,2026-04-20,Swing_10d,-1.2,False,False,False,False,2.0
TATACONSUM.NS,2026-04-16,Swing_3d,-0.966,False,False,False,False,2.0
BEL.NS,2026-04-16,BTST_1d,-1.25,False,False,False,False,2.0
BEL.NS,2026-04-16,Swing_3d,-0.077,False,False,False,False,2.0
RECLTD.NS,2026-04-16,BTST_1d,-0.85,False,False,False,False,2.0
RECLTD.NS,2026-04-16,Swing_3d,-1.54,False,False,False,False,2.0
RECLTD.NS,2026-04-16,Swing_5d,-0.8492,False,False,False,False,2.0
TATACONSUM.NS,2026-04-16,Swing_10d,0.0432,True,False,False,False,2.0
BEL.NS,2026-04-16,Swing_5d,0.2376,True,False,False,False,2.0
RAJESHEXPO.NS,2026-04-16,BTST_1d,1.5,True,False,False,True,2.0
RAJESHEXPO.NS,2026-04-16,Swing_3d,0.735,True,False,False,False,2.0
RAJESHEXPO.NS,2026-04-16,Swing_5d,0.66,True,False,False,False,2.0
RAJESHEXPO.NS,2026-04-16,Swing_10d,0.36,True,False,False,False,2.0
JKCEMENT.NS,2026-04-16,Swing_3d,-2.2,False,False,True,False,2.0
JKCEMENT.NS,2026-04-16,Swing_10d,-1.2,False,False,False,False,2.0
SUMICHEM.NS,2026-04-13,Swing_3d,-0.903,False,False,False,False,2.0
SUMICHEM.NS,2026-04-13,Swing_5d,-1.0076,False,False,False,False,2.0
SUMICHEM.NS,2026-04-13,Swing_10d,-0.534,False,False,False,False,2.0
UBL.NS,2026-04-13,BTST_1d,-1.02,False,False,False,False,2.0
VEDL.NS,2026-04-13,Swing_5d,-0.7854,False,False,False,False,2.0
IPCALAB.NS,2026-04-13,Swing_5d,0.143,True,False,False,False,2.0
UBL.NS,2026-04-13,Swing_3d,0.1575,True,False,False,False,2.0
UBL.NS,2026-04-13,Swing_5d,0.0858,True,False,False,False,2.0
UBL.NS,2026-04-13,Swing_10d,0.0468,True,False,False,False,2.0
IRFC.NS,2026-04-10,Swing_5d,0.66,True,False,False,False,2.0
DEVYANI.NS,2026-03-30,BTST_1d,0.46,True,False,False,False,2.0
GILLETTE.NS,2026-03-30,BTST_1d,0.09,True,False,False,False,2.0
TRIDENT.NS,2026-03-30,BTST_1d,0.79,True,False,False,False,2.0
OBEROIRLTY.NS,2026-03-30,BTST_1d,-0.12,False,False,False,False,2.0
GILLETTE.NS,2026-03-30,Swing_3d,-1.0955,False,False,False,False,2.0
ZEEL.NS,2026-03-30,Swing_5d,-1.4762,False,False,False,False,2.0
LICI.NS,2026-03-30,Swing_5d,0.0814,True,False,False,False,2.0
BALKRISIND.NS,2026-03-30,Swing_3d,0.266,True,False,False,False,2.0
UNITDSPR.NS,2026-03-30,Swing_3d,0.266,True,False,False,False,2.0
VOLTAS.NS,2026-03-30,Swing_5d,0.2376,True,False,False,False,2.0
ZYDUSLIFE.NS,2026-03-30,Swing_5d,0.1914,True,False,False,False,2.0
OBEROIRLTY.NS,2026-03-30,Swing_3d,-2.2,False,False,True,False,2.0
OBEROIRLTY.NS,2026-03-30,Swing_5d,-2.2,False,False,True,False,2.0
ANGELONE.NS,2026-03-30,Swing_5d,-2.2,False,False,True,False,2.0
TATATECH.NS,2026-03-30,Swing_5d,-2.2,False,False,True,False,2.0
TRIDENT.NS,2026-03-30,Swing_3d,-2.2,False,False,True,False,2.0
SUNPHARMA.NS,2026-03-24,BTST_1d,-2.2,False,False,True,False,2.0
ADANIENT.NS,2026-03-24,Swing_3d,-0.651,False,False,False,False,2.0
KIMS.NS,2026-03-24,BTST_1d,-1.07,False,False,False,False,2.0
KIMS.NS,2026-03-24,Swing_3d,-0.329,False,False,False,False,2.0
ADANIENT.NS,2026-03-24,BTST_1d,-2.2,False,False,True,False,2.0
HINDUNILVR.NS,2026-03-23,BTST_1d,-1.45,False,False,False,False,2.0
TATACONSUM.NS,2026-03-23,BTST_1d,-1.5,False,False,False,False,2.0
KPITTECH.NS,2026-03-23,BTST_1d,-2.2,False,False,True,False,2.0
JIOFIN.NS,2026-02-26,BTST_1d,0.99,True,False,False,False,2.0
PIDILITIND.NS,2026-02-26,BTST_1d,0.43,True,False,False,False,2.0
BANKINDIA.NS,2026-02-26,BTST_1d,0.53,True,False,False,False,2.0
BATAINDIA.NS,2026-02-26,BTST_1d,1.5,True,False,False,True,2.0
GILLETTE.NS,2026-02-26,BTST_1d,0.95,True,False,False,False,2.0
JSWENERGY.NS,2026-02-26,BTST_1d,1.41,True,False,False,False,2.0
PGHH.NS,2026-02-26,BTST_1d,0.86,True,False,False,False,2.0
INTELLECT.NS,2026-02-26,BTST_1d,-1.08,False,False,False,False,2.0
METROBRAND.NS,2026-02-26,BTST_1d,-1.7,False,False,False,False,2.0
TATATECH.NS,2026-02-26,BTST_1d,-0.12,False,False,False,False,2.0
UPL.NS,2026-02-26,BTST_1d,-1.66,False,False,False,False,2.0
VOLTAS.NS,2026-02-26,BTST_1d,-1.7,False,False,False,False,2.0
BAJFINANCE.NS,2026-02-26,BTST_1d,1.5,True,False,False,True,2.0
BAJFINANCE.NS,2026-02-26,Swing_3d,0.8715,True,False,False,False,2.0
AMBUJACEM.NS,2026-02-26,BTST_1d,1.5,True,False,False,True,2.0
AMBUJACEM.NS,2026-02-26,Swing_3d,0.8645,True,False,False,False,2.0
IRCTC.NS,2026-02-26,BTST_1d,1.5,True,False,False,True,2.0
IRCTC.NS,2026-02-26,Swing_3d,1.085,True,False,False,False,2.0
IRCTC.NS,2026-02-26,Swing_5d,0.8514,True,False,False,False,2.0
IRCTC.NS,2026-02-26,Swing_10d,0.558,True,False,False,False,2.0
LICI.NS,2026-02-26,BTST_1d,1.5,True,False,False,True,2.0
LICI.NS,2026-02-26,Swing_3d,0.8015,True,False,False,False,2.0
LICI.NS,2026-02-26,Swing_5d,0.6292,True,False,False,False,2.0
LICI.NS,2026-02-26,Swing_10d,0.4128,True,False,False,False,2.0
JUBLFOOD.NS,2026-02-26,BTST_1d,1.5,True,False,False,True,2.0
ABFRL.NS,2026-02-26,BTST_1d,1.5,True,False,False,True,2.0
ABFRL.NS,2026-02-26,Swing_3d,1.225,True,False,False,False,2.0
EMAMILTD.NS,2026-02-26,BTST_1d,1.5,True,False,False,True,2.0
EMAMILTD.NS,2026-02-26,Swing_3d,0.861,True,False,False,False,2.0
EMAMILTD.NS,2026-02-26,Swing_5d,0.6754,True,False,False,False,2.0
MARICO.NS,2026-02-26,BTST_1d,1.5,True,False,False,True,2.0
MARICO.NS,2026-02-26,Swing_3d,0.7035,True,False,False,False,2.0
MARICO.NS,2026-02-26,Swing_5d,0.5522,True,False,False,False,2.0
SYNGENE.NS,2026-02-26,BTST_1d,1.5,True,False,False,True,2.0
SYNGENE.NS,2026-02-26,Swing_3d,1.0885,True,False,False,False,2.0
SYNGENE.NS,2026-02-26,Swing_5d,0.8536,True,False,False,False,2.0
TATAELXSI.NS,2026-02-26,BTST_1d,1.5,True,False,False,True,2.0
TATAELXSI.NS,2026-02-26,Swing_3d,1.225,True,False,False,False,2.0
YESBANK.NS,2026-02-26,BTST_1d,1.5,True,False,False,True,2.0
YESBANK.NS,2026-02-26,Swing_3d,0.679,True,False,False,False,2.0
BOSCHLTD.NS,2026-02-25,BTST_1d,0.86,True,False,False,False,2.0
INDIGO.NS,2026-02-25,BTST_1d,0.44,True,False,False,False,2.0
COFORGE.NS,2026-02-25,BTST_1d,0.55,True,False,False,False,2.0
COROMANDEL.NS,2026-02-25,BTST_1d,0.13,True,False,False,False,2.0
CROMPTON.NS,2026-02-25,BTST_1d,0.59,True,False,False,False,2.0
CUB.NS,2026-02-25,BTST_1d,0.6,True,False,False,False,2.0
WHIRLPOOL.NS,2026-02-25,BTST_1d,0.14,True,False,False,False,2.0
SUNTECK.NS,2026-02-25,BTST_1d,0.27,True,False,False,False,2.0
TCS.NS,2026-02-25,BTST_1d,-0.37,False,False,False,False,2.0
HCLTECH.NS,2026-02-25,BTST_1d,-0.79,False,False,False,False,2.0
HDFCLIFE.NS,2026-02-25,BTST_1d,-0.49,False,False,False,False,2.0
LUPIN.NS,2026-02-25,BTST_1d,-1.75,False,False,False,False,2.0
MAXHEALTH.NS,2026-02-25,BTST_1d,-1.52,False,False,False,False,2.0
NAUKRI.NS,2026-02-25,BTST_1d,-0.95,False,False,False,False,2.0
PIDILITIND.NS,2026-02-25,BTST_1d,-0.1,False,False,False,False,2.0
SRF.NS,2026-02-25,BTST_1d,-1.32,False,False,False,False,2.0
CESC.NS,2026-02-25,BTST_1d,-0.64,False,False,False,False,2.0
IIFL.NS,2026-02-25,BTST_1d,-0.74,False,False,False,False,2.0
KPITTECH.NS,2026-02-25,BTST_1d,-0.8,False,False,False,False,2.0
MPHASIS.NS,2026-02-25,BTST_1d,-0.92,False,False,False,False,2.0
PERSISTENT.NS,2026-02-25,BTST_1d,-1.51,False,False,False,False,2.0
RAIN.NS,2026-02-25,BTST_1d,-2.2,False,False,True,False,2.0
STARHEALTH.NS,2026-02-25,BTST_1d,-1.58,False,False,False,False,2.0
TATACHEM.NS,2026-02-25,BTST_1d,-1.15,False,False,False,False,2.0
TATAELXSI.NS,2026-02-25,BTST_1d,-0.86,False,False,False,False,2.0
TATATECH.NS,2026-02-25,BTST_1d,-0.77,False,False,False,False,2.0
UPL.NS,2026-02-25,BTST_1d,-0.85,False,False,False,False,2.0
CDSL.NS,2026-02-25,BTST_1d,1.5,True,False,False,True,2.0
CDSL.NS,2026-02-25,Swing_3d,1.225,True,False,False,False,2.0
CDSL.NS,2026-02-25,Swing_10d,0.6,True,False,False,False,2.0
COFORGE.NS,2026-02-25,Swing_3d,1.225,True,False,False,False,2.0
COROMANDEL.NS,2026-02-25,Swing_3d,1.008,True,False,False,False,2.0
COROMANDEL.NS,2026-02-25,Swing_5d,0.792,True,False,False,False,2.0
CROMPTON.NS,2026-02-25,Swing_3d,1.225,True,False,False,False,2.0
CUB.NS,2026-02-25,Swing_3d,1.225,True,False,False,False,2.0
ALKEM.NS,2026-02-25,BTST_1d,-2.2,False,False,True,False,2.0
TATACONSUM.NS,2026-02-24,BTST_1d,0.66,True,False,False,False,2.0
HINDUNILVR.NS,2026-02-24,BTST_1d,-0.65,False,False,False,False,2.0
NESTLEIND.NS,2026-02-24,BTST_1d,-0.17,False,False,False,False,2.0
JSWSTEEL.NS,2026-02-24,BTST_1d,-1.52,False,False,False,False,2.0
TATACONSUM.NS,2026-02-24,Swing_3d,0.7175,True,False,False,False,2.0
PERSISTENT.NS,2026-02-24,BTST_1d,-2.2,False,False,True,False,2.0
